327	24902	6166730	κατέβην	καταβαίνω	to step down	0
327	24902	6166731	χθὲς	χθές	yesterday	6166730
327	24902	6166732	εἰς	εἰς	into	6166730
327	24902	6166733	Πειραιᾶ	Πειραιεύς	Peiraeus	6166732
327	24902	6166734	μετὰ	μετά	(w gen) with	6166730
327	24902	6166735	Γλαύκωνος	Γλαύκων	Glaucon	6166734
327	24902	6166736	τοῦ	ὁ	the	6166735
327	24902	6166737	Ἀρίστωνος	Ἀρίστων	Ariston	6166735
327	24902	6166738	προσευξόμενός	προσεύχομαι	to offer prayers	6166730
327	24902	6166739	τε	τε	and	6166738
327	24902	6166740	τῇ	ὁ	the	6166741
327	24902	6166741	θεῷ	θεός	god	6166738
327	24902	6166742	καὶ	καί	and	6166746
327	24902	6166743	ἅμα	ἅμα	at once	6166746
327	24902	6166744	τὴν	ὁ	the	6166745
327	24902	6166745	ἑορτὴν	ἑορτή	a feast	6166747
327	24902	6166746	βουλόμενος	βούλομαι	to will	6166738
327	24902	6166747	θεάσασθαι	θεάομαι	to look on	6166746
327	24902	6166748	τίνα	τίς	who? which?	6166749
327	24902	6166749	τρόπον	τρόπος	a turn	6166750
327	24902	6166750	ποιήσουσιν	ποιέω	to make	6166747
327	24902	6166751	ἅτε	ἅτε	just as (both pre-and postposed); w. part.: because	6166754
327	24902	6166752	νῦν	νῦν	now at this very time	6166754
327	24902	6166753	πρῶτον	πρῶτος	first	6166754
327	24902	6166754	ἄγοντες	ἄγω	to lead	6166750
327	24902	6166755	.	.	nodef	6166730
327	24903	6166756	καλὴ	καλός	beautiful	6166766
327	24903	6166757	μὲν	μέν	on the one hand	6166765
327	24903	6166758	οὖν	οὖν	so	6166765
327	24903	6166759	μοι	ἐγώ	I (first person pronoun)	6166765
327	24903	6166760	καὶ	καί	and	6166764
327	24903	6166761	ἡ	ὁ	the	6166764
327	24903	6166762	τῶν	ὁ	the	6166763
327	24903	6166763	ἐπιχωρίων	ἐπιχώριος	in or of the country	6166764
327	24903	6166764	πομπὴ	πομπή	conduct	6166765
327	24903	6166765	ἔδοξεν	δοκέω	seem	0
327	24903	6166766	εἶναι	εἰμί	to be	6166765
327	24903	6166767	,	,	nodef	6166756
327	24903	6166768	οὐ	οὐ	not	6166771
327	24903	6166769	μέντοι	μέντοι	however	6166771
327	24903	6166770	ἧττον	ἥσσων	less	6166772
327	24903	6166771	ἐφαίνετο	φαίνω	to bring to light	6166765
327	24903	6166772	πρέπειν	πρέπω	to be clearly seen	6166771
327	24903	6166773	ἣν	ὅς	who	6166776
327	24903	6166774	οἱ	ὁ	the	6166775
327	24903	6166775	Θρᾷκες	Θρᾷξ	a Thracian;	6166776
327	24903	6166776	ἔπεμπον	πέμπω	to send	6166770
327	24903	6166777	.	.	nodef	6166756
327	24904	6166778	προσευξάμενοι	προσεύχομαι	to offer prayers	6166782
327	24904	6166779	δὲ	δέ	but	6166782
327	24904	6166780	καὶ	καί	and	6166781
327	24904	6166781	θεωρήσαντες	θεωρέω	to look at	6166778
327	24904	6166782	ἀπῇμεν	ἀπέρχομαι	to go away	0
327	24904	6166783	πρὸς	πρός	(w. gen.) from; (w. dat.) at	6166782
327	24904	6166784	τὸ	ὁ	the	6166785
327	24904	6166785	ἄστυ	ἄστυ	a city	6166783
327	24904	6166786	.	.	nodef	6166778
327	24905	6166787	κατιδὼν	κατοράω	nodef	6166796
327	24905	6166788	οὖν	οὖν	so	6166796
327	24905	6166789	πόρρωθεν	πρόσωθεν	from afar	6166792
327	24905	6166790	ἡμᾶς	ἐγώ	I (first person pronoun)	6166792
327	24905	6166791	οἴκαδε	οἴκαδε	to one's home	6166792
327	24905	6166792	ὡρμημένους	ὁρμάω	to set in motion	6166787
327	24905	6166793	Πολέμαρχος	Πολέμαρχος	Polemarchus	6166796
327	24905	6166794	ὁ	ὁ	the	6166793
327	24905	6166795	Κεφάλου	Κέφαλος	Cephalus	6166793
327	24905	6166796	ἐκέλευσε	κελεύω	to urge	0
327	24905	6166797	δραμόντα	τρέχω	to run	6166802
327	24905	6166798	τὸν	ὁ	the	6166799
327	24905	6166799	παῖδα	παῖς	a child	6166797
327	24905	6166800	περιμεῖναί	περιμένω	to wait for	6166796
327	24905	6166801	ἑ	ἕ	nodef	6166802
327	24905	6166802	κελεῦσαι	κελεύω	to urge	6166800
327	24905	6166803	.	.	nodef	6166787
327	24906	6166804	καί	καί	and	6166813
327	24906	6166805	μου	ἐγώ	I (first person pronoun)	6166809
327	24906	6166806	ὄπισθεν	ὄπισθεν	behind	6166809
327	24906	6166807	ὁ	ὁ	the	6166808
327	24906	6166808	παῖς	παῖς	a child	6166816
327	24906	6166809	λαβόμενος	λαμβάνω	to take	6166816
327	24906	6166810	τοῦ	ὁ	the	6166811
327	24906	6166811	ἱματίου	ἱμάτιον	an outer garment	6166809
327	24906	6166812	,	,	nodef	6166804
327	24906	6166813	κελεύει	κελεύω	to urge	6166816
327	24906	6166814	ὑμᾶς	σύ	you (personal pronoun)	6166819
327	24906	6166815	,	,	nodef	6166804
327	24906	6166816	ἔφη	φημί	to say	0
327	24906	6166817	,	,	nodef	6166804
327	24906	6166818	Πολέμαρχος	Πολέμαρχος	Polemarchus	6166813
327	24906	6166819	περιμεῖναι	περιμένω	to wait for	6166813
327	24906	6166820	.	.	nodef	6166804
327	24907	6166821	καὶ	καί	and	6166823
327	24907	6166822	ἐγὼ	ἐγώ	I (first person pronoun)	6166823
327	24907	6166823	μετεστράφην	μεταστρέφω	to turn about	0
327	24907	6166824	τε	τε	and	6166823
327	24907	6166825	καὶ	καί	and	6166826
327	24907	6166826	ἠρόμην	ἔρομαι	to ask	6166823
327	24907	6166827	ὅπου	ὅπου	where	6166829
327	24907	6166828	αὐτὸς	αὐτός	unemph. 3rd pers.pronoun; -self; [the] same 	6166829
327	24907	6166829	εἴη	εἰμί	to be	6166826
327	24907	6166830	.	.	nodef	6166821
327	24908	6166831	οὗτος	οὗτος	this; that	6166836
327	24908	6166832	,	,	nodef	6166831
327	24908	6166833	ἔφη	φημί	to say	0
327	24908	6166834	,	,	nodef	6166831
327	24908	6166835	ὄπισθεν	ὄπισθεν	behind	6166836
327	24908	6166836	προσέρχεται	προσέρχομαι	to come	6166833
327	24908	6166837	·	·	nodef	6166831
327	24909	6166838	ἀλλὰ	ἀλλά	otherwise	6166839
327	24909	6166839	περιμένετε	περιμένω	to wait for	0
327	24909	6166840	.	.	nodef	6166838
327	24910	6166841	ἀλλὰ	ἀλλά	otherwise	6166842
327	24910	6166842	περιμενοῦμεν	περιμένω	to wait for	0
327	24910	6166843	,	,	nodef	6166841
327	24910	6166844	ἦ	εἰμί	to be	6166842
327	24910	6166845	δ’	δέ	but	6166844
327	24910	6166846	ὃς	ὅς	who	6166844
327	24910	6166847	ὁ	ὁ	the	6166848
327	24910	6166848	Γλαύκων	Γλαύκων	Glaucon	6166844
327	24910	6166849	.	.	nodef	6166841
327	24911	6166850	καὶ	καί	and	6166856
327	24911	6166851	ὀλίγῳ	ὀλίγος	few	6166852
327	24911	6166852	ὕστερον	ὕστερον	the afterbirth	6166856
327	24911	6166853	ὅ	ὅς	who	6166855
327	24911	6166854	τε	τε	and	6166855
327	24911	6166855	Πολέμαρχος	Πολέμαρχος	Polemarchus	6166856
327	24911	6166856	ἧκε	ἥκω	to have come	0
327	24911	6166857	καὶ	καί	and	6166858
327	24911	6166858	Ἀδείμαντος	Ἀδείμαντος	Adimantus	6166855
327	24911	6166859	ὁ	ὁ	the	6166858
327	24911	6166860	τοῦ	ὁ	the	6166861
327	24911	6166861	Γλαύκωνος	Γλαύκων	Glaucon	6166862
327	24911	6166862	ἀδελφὸς	ἀδελφός	sons of the same mother	6166858
327	24911	6166863	καὶ	καί	and	6166864
327	24911	6166864	Νικήρατος	Νικήρατος	Niceratus	6166858
327	24911	6166865	ὁ	ὁ	the	6166864
327	24911	6166866	Νικίου	Νικίας	Nicias	6166864
327	24911	6166867	καὶ	καί	and	6166869
327	24911	6166868	ἄλλοι	ἄλλος	other	6166869
327	24911	6166869	τινὲς	τις	any one	6166864
327	24911	6166870	ὡς	ὡς	as	6166873
327	24911	6166871	ἀπὸ	ἀπό	from	6166869
327	24911	6166872	τῆς	ὁ	the	6166873
327	24911	6166873	πομπῆς	πομπή	conduct	6166871
327	24911	6166874	.	.	nodef	6166850
327	24912	6166875	ὁ	ὁ	the	6166877
327	24912	6166876	οὖν	οὖν	so	6166878
327	24912	6166877	Πολέμαρχος	Πολέμαρχος	Polemarchus	6166878
327	24912	6166878	ἔφη	φημί	to say	0
327	24912	6166879	·	·	nodef	6166875
327	24913	6166880	ὦ	ὦ	O! oh!	6166881
327	24913	6166881	Σώκρατες	Σωκράτης	Socrates	6166883
327	24913	6166882	,	,	nodef	6166880
327	24913	6166883	δοκεῖτέ	δοκέω	seem	0
327	24913	6166884	μοι	ἐγώ	I (first person pronoun)	6166883
327	24913	6166885	πρὸς	πρός	(w. gen.) from; (w. dat.) at	6166887
327	24913	6166886	ἄστυ	ἄστυ	a city	6166885
327	24913	6166887	ὡρμῆσθαι	ὁρμάω	to set in motion	6166883
327	24913	6166888	ὡς	ὡς	as	6166889
327	24913	6166889	ἀπιόντες	ἀπέρχομαι	to go away	6166887
327	24913	6166890	.	.	nodef	6166880
327	24914	6166891	οὐ	οὐ	not	6166894
327	24914	6166892	γὰρ	γάρ	for	6166894
327	24914	6166893	κακῶς	κακός	bad	6166894
327	24914	6166894	δοξάζεις	δοξάζω	to think	0
327	24914	6166895	,	,	nodef	6166891
327	24914	6166896	ἦν	εἰμί	to be	6166894
327	24914	6166897	δ’	δέ	but	6166896
327	24914	6166898	ἐγώ	ἐγώ	I (first person pronoun)	6166896
327	24914	6166899	.	.	nodef	6166891
327	24915	6166900	ὁρᾷς	ὁράω	to see	6166904
327	24915	6166901	οὖν	οὖν	so	6166900
327	24915	6166902	ἡμᾶς	ἐγώ	I (first person pronoun)	6166900
327	24915	6166903	,	,	nodef	6166900
327	24915	6166904	ἔφη	φημί	to say	0
327	24915	6166905	,	,	nodef	6166900
327	24915	6166906	ὅσοι	ὅσος	as much/many as	6166907
327	24915	6166907	ἐσμέν	εἰμί	to be	6166900
327	24915	6166908	;	;	nodef	6166900
327	24916	6166909	πῶς	πῶς	how? in what way	0
327	24916	6166910	γὰρ	γάρ	for	6166909
327	24916	6166911	οὔ	οὐ	not	6166909
327	24916	6166912	;	;	nodef	6166909
327	24917	6166913	ἢ	ἤ	either..or; than	6166920
327	24917	6166914	τοίνυν	τοίνυν	therefore	6166920
327	24917	6166915	τούτων	οὗτος	this; that	6166919
327	24917	6166916	,	,	nodef	6166913
327	24917	6166917	ἔφη	φημί	to say	0
327	24917	6166918	,	,	nodef	6166913
327	24917	6166919	κρείττους	κρεισσόω	nodef	6166920
327	24917	6166920	γένεσθε	γίγνομαι	become	6166917
327	24917	6166921	ἢ	ἤ	either..or; than	6166922
327	24917	6166922	μένετ’	μένω	to stay at home	6166920
327	24917	6166923	αὐτοῦ	αὐτός	unemph. 3rd pers.pronoun; -self; [the] same 	6166922
327	24917	6166924	.	.	nodef	6166913
327	24918	6166925	οὐκοῦν	οὐκοῦν	therefore	6166933
327	24918	6166926	,	,	nodef	6166925
327	24918	6166927	ἦν	εἰμί	to be	6166933
327	24918	6166928	δ’	δέ	but	6166927
327	24918	6166929	ἐγώ	ἐγώ	I (first person pronoun)	6166927
327	24918	6166930	,	,	nodef	6166925
327	24918	6166931	ἔτι	ἔτι	yet	6166933
327	24918	6166932	ἓν	εἷς	one	6166933
327	24918	6166933	λείπεται	λείπω	to leave	0
327	24918	6166934	,	,	nodef	6166925
327	24918	6166935	τὸ	ὁ	the	6166942
327	24918	6166936	ἢν	ἐάν	if	6166933
327	24918	6166937	πείσωμεν	πείθω	to prevail upon	6166936
327	24918	6166938	ὑμᾶς	σύ	you (personal pronoun)	6166937
327	24918	6166939	ὡς	ὡς	as	6166937
327	24918	6166940	χρὴ	χρή	it is fated	6166939
327	24918	6166941	ἡμᾶς	ἐγώ	I (first person pronoun)	6166942
327	24918	6166942	ἀφεῖναι	ἀφίημι	to send forth	6166940
327	24918	6166943	;	;	nodef	6166925
327	24919	6166944	ἦ	ἦ	in truth	6166946
327	24919	6166945	καὶ	καί	and	6166946
327	24919	6166946	δύναισθ’	δύναμαι	to be able	0
327	24919	6166947	ἄν	ἄν	modal particle	6166946
327	24919	6166948	,	,	nodef	6166944
327	24919	6166949	ἦ	εἰμί	to be	6166946
327	24919	6166950	δ’	δέ	but	6166949
327	24919	6166951	ὅς	ὅς	who	6166949
327	24919	6166952	,	,	nodef	6166944
327	24919	6166953	πεῖσαι	πείθω	to prevail upon	6166946
327	24919	6166954	μὴ	μή	not	6166955
327	24919	6166955	ἀκούοντας	ἀκούω	to hear	6166953
327	24919	6166956	;	;	nodef	6166944
327	24920	6166957	οὐδαμῶς	οὐδαμῶς	in no wise	6166959
327	24920	6166958	,	,	nodef	6166957
327	24920	6166959	ἔφη	φημί	to say	0
327	24920	6166960	ὁ	ὁ	the	6166961
327	24920	6166961	Γλαύκων	Γλαύκων	Glaucon	6166959
327	24920	6166962	.	.	nodef	6166957
327	24921	6166963	ὡς	ὡς	as	6166968
327	24921	6166964	τοίνυν	τοίνυν	therefore	6166969
327	24921	6166965	μὴ	μή	not	6166966
327	24921	6166966	ἀκουσομένων	ἀκούω	to hear	6166963
327	24921	6166967	,	,	nodef	6166963
327	24921	6166968	οὕτω	οὕτως	so	6166969
327	24921	6166969	διανοεῖσθε	διανοέω	nodef	0
327	24921	6166970	.	.	nodef	6166963
328	24922	6166971	καὶ	καί	and	6166978
328	24922	6166972	ὁ	ὁ	the	6166973
328	24922	6166973	Ἀδείμαντος	Ἀδείμαντος	Adimantus	6166978
328	24922	6166974	,	,	nodef	6166971
328	24922	6166975	ἆρά	ἆρα	particle introducing a question	6166983
328	24922	6166976	γε	γε	at least	6166975
328	24922	6166977	,	,	nodef	6166971
328	24922	6166978	ἦ	εἰμί	to be	0
328	24922	6166979	δ’	δέ	but	6166978
328	24922	6166980	ὅς	ὅς	who	6166978
328	24922	6166981	,	,	nodef	6166971
328	24922	6166982	οὐδ’	οὐδέ	and/but not; not even	6166983
328	24922	6166983	ἴστε	οἶδα	to know	6166978
328	24922	6166984	ὅτι	ὅτι	adv. + superl.	6166983
328	24922	6166985	λαμπὰς	λαμπάς	a torch	6166986
328	24922	6166986	ἔσται	εἰμί	to be	6166984
328	24922	6166987	πρὸς	πρός	(w. gen.) from; (w. dat.) at	6166986
328	24922	6166988	ἑσπέραν	ἑσπέρα	evening	6166987
328	24922	6166989	ἀφ’	ἀπό	from	6166986
328	24922	6166990	ἵππων	ἵππος	a horse	6166989
328	24922	6166991	τῇ	ὁ	the	6166992
328	24922	6166992	θεῷ	θεός	god	6166990
328	24922	6166993	;	;	nodef	6166971
328	24923	6166994	ἀφ’	ἀπό	from	0
328	24923	6166995	ἵππων	ἵππος	a horse	6166994
328	24923	6166996	;	;	nodef	6166994
328	24924	6166997	ἦν	εἰμί	to be	0
328	24924	6166998	δ’	δέ	but	6166997
328	24924	6166999	ἐγώ	ἐγώ	I (first person pronoun)	6166997
328	24924	6167000	·	·	nodef	6166997
328	24925	6167001	καινόν	καινός	new	6167003
328	24925	6167002	γε	γε	at least	6167001
328	24925	6167003	τοῦτο	οὗτος	this; that	0
328	24925	6167004	.	.	nodef	6167001
328	24926	6167005	λαμπάδια	λαμπάδιος	torch-bearing	6167006
328	24926	6167006	ἔχοντες	ἔχω	to have	6167007
328	24926	6167007	διαδώσουσιν	διαδίδωμι	to give from hand to hand	0
328	24926	6167008	ἀλλήλοις	ἀλλήλων	of one another	6167007
328	24926	6167009	ἁμιλλώμενοι	ἁμιλλάομαι	to compete	6167007
328	24926	6167010	τοῖς	ὁ	the	6167011
328	24926	6167011	ἵπποις	ἵππος	a horse	6167009
328	24926	6167012	;	;	nodef	6167005
328	24927	6167013	ἢ	ἤ	either..or; than	6167015
328	24927	6167014	πῶς	πῶς	how? in what way	6167015
328	24927	6167015	λέγεις	λέγω	to pick; to say	0
328	24927	6167016	;	;	nodef	6167013
328	24928	6167017	οὕτως	οὕτως	so	6167019
328	24928	6167018	,	,	nodef	6167017
328	24928	6167019	ἔφη	φημί	to say	0
328	24928	6167020	ὁ	ὁ	the	6167021
328	24928	6167021	Πολέμαρχος	Πολέμαρχος	Polemarchus	6167019
328	24928	6167022	.	.	nodef	6167017
328	24929	6167023	καὶ	καί	and	6167027
328	24929	6167024	πρός	πρός	(w. gen.) from; (w. dat.) at	6167027
328	24929	6167025	γε	γε	at least	6167026
328	24929	6167026	παννυχίδα	παννύχιος	all night long	6167024
328	24929	6167027	ποιήσουσιν	ποιέω	to make	0
328	24929	6167028	,	,	nodef	6167023
328	24929	6167029	ἣν	ὅς	who	6167031
328	24929	6167030	ἄξιον	ἄξιος	worthy	6167026
328	24929	6167031	θεάσασθαι	θεάομαι	to look on	6167030
328	24929	6167032	·	·	nodef	6167023
328	24930	6167033	ἐξαναστησόμεθα	ἐξανίστημι	to raise up: to make one rise	0
328	24930	6167034	γὰρ	γάρ	for	6167033
328	24930	6167035	μετὰ	μετά	(w gen) with	6167033
328	24930	6167036	τὸ	ὁ	the	6167037
328	24930	6167037	δεῖπνον	δεῖπνον	the principal meal	6167035
328	24930	6167038	καὶ	καί	and	6167041
328	24930	6167039	τὴν	ὁ	the	6167040
328	24930	6167040	παννυχίδα	παννυχίς	night-festival	6167041
328	24930	6167041	θεασόμεθα	θεάομαι	to look on	6167033
328	24930	6167042	.	.	nodef	6167033
328	24931	6167043	καὶ	καί	and	6167044
328	24931	6167044	συνεσόμεθά	σύνειμι	be with (incl. be wife of	0
328	24931	6167045	τε	τε	and	6167044
328	24931	6167046	πολλοῖς	πολύς	much	6167044
328	24931	6167047	τῶν	ὁ	the	6167048
328	24931	6167048	νέων	νέος	young	6167046
328	24931	6167049	αὐτόθι	αὐτόθι	on the spot	6167044
328	24931	6167050	καὶ	καί	and	6167051
328	24931	6167051	διαλεξόμεθα	διαλέξω	nodef	6167044
328	24931	6167052	.	.	nodef	6167043
328	24932	6167053	ἀλλὰ	ἀλλά	otherwise	6167054
328	24932	6167054	μένετε	μένω	to stay at home	0
328	24932	6167055	καὶ	καί	and	6167058
328	24932	6167056	μὴ	μή	not	6167058
328	24932	6167057	ἄλλως	ἄλλος	other	6167058
328	24932	6167058	ποιεῖτε	ποιέω	to make	6167054
328	24932	6167059	.	.	nodef	6167053
328	24933	6167060	καὶ	καί	and	6167066
328	24933	6167061	ὁ	ὁ	the	6167062
328	24933	6167062	Γλαύκων	Γλαύκων	Glaucon	6167066
328	24933	6167063	,	,	nodef	6167060
328	24933	6167064	ἔοικεν	ἔοικα	to be like; to look like	6167066
328	24933	6167065	,	,	nodef	6167060
328	24933	6167066	ἔφη	φημί	to say	0
328	24933	6167067	,	,	nodef	6167060
328	24933	6167068	μενετέον	μενετέον	one must remain	6167069
328	24933	6167069	εἶναι	εἰμί	to be	6167064
328	24933	6167070	.	.	nodef	6167060
328	24934	6167071	ἀλλ’	ἀλλά	otherwise	6167080
328	24934	6167072	εἰ	εἰ	conj. if	6167080
328	24934	6167073	δοκεῖ	δοκέω	seem	6167072
328	24934	6167074	,	,	nodef	6167071
328	24934	6167075	ἦν	εἰμί	to be	6167073
328	24934	6167076	δ’	δέ	but	6167075
328	24934	6167077	ἐγώ	ἐγώ	I (first person pronoun)	6167075
328	24934	6167078	,	,	nodef	6167071
328	24934	6167079	οὕτω	οὕτως	so	6167081
328	24934	6167080	χρὴ	χρή	it is fated	0
328	24934	6167081	ποιεῖν	ποιέω	to make	6167080
328	24934	6167082	.	.	nodef	6167071
328	24935	6167083	ἦιμεν	ἔρχομαι	to come	0
328	24935	6167084	οὖν	οὖν	so	6167083
328	24935	6167085	οἴκαδε	οἴκαδε	to one's home	6167083
328	24935	6167086	εἰς	εἰς	into	6167083
328	24935	6167087	τοῦ	ὁ	the	6167088
328	24935	6167088	Πολεμάρχου	Πολέμαρχος	Polemarchus	6167086
328	24935	6167089	,	,	nodef	6167083
328	24935	6167090	καὶ	καί	and	6167094
328	24935	6167091	Λυσίαν	Λυσίας	Lysias	6167094
328	24935	6167092	τε	τε	and	6167091
328	24935	6167093	αὐτόθι	αὐτόθι	on the spot	6167094
328	24935	6167094	κατελάβομεν	καταλαμβάνω	to seize upon	6167083
328	24935	6167095	καὶ	καί	and	6167096
328	24935	6167096	Εὐθύδημον	Εὐθύδημος	Euthydemus	6167091
328	24935	6167097	,	,	nodef	6167083
328	24935	6167098	τοὺς	ὁ	the	6167101
328	24935	6167099	τοῦ	ὁ	the	6167100
328	24935	6167100	Πολεμάρχου	Πολέμαρχος	Polemarchus	6167101
328	24935	6167101	ἀδελφούς	ἀδελφός	sons of the same mother	6167096
328	24935	6167102	,	,	nodef	6167083
328	24935	6167103	καὶ	καί	and	6167106
328	24935	6167104	δὴ	δή	[interactional particle: S&H on same page]	6167106
328	24935	6167105	καὶ	καί	and	6167106
328	24935	6167106	Θρασύμαχον	Θρασύμαχος	Thrasymachus	6167091
328	24935	6167107	τὸν	ὁ	the	6167106
328	24935	6167108	Καλχηδόνιον	Καλχηδόνιος	of Calchedon (Chalcedon)	6167106
328	24935	6167109	καὶ	καί	and	6167110
328	24935	6167110	Χαρμαντίδην	Χαρμαντίδης	Charmantides	6167106
328	24935	6167111	τὸν	ὁ	the	6167110
328	24935	6167112	Παιανιᾶ	Παιανιεύς	of the deme of Paiania	6167110
328	24935	6167113	καὶ	καί	and	6167114
328	24935	6167114	Κλειτοφῶντα	Κλειτοφῶν	Clitophon	6167110
328	24935	6167115	τὸν	ὁ	the	6167114
328	24935	6167116	Ἀριστωνύμου	Ἀριστωνύμος	nodef	6167114
328	24935	6167117	·	·	nodef	6167083
328	24936	6167118	ἦν	εἰμί	to be	0
328	24936	6167119	δ’	δέ	but	6167118
328	24936	6167120	ἔνδον	ἔνδον	in	6167118
328	24936	6167121	καὶ	καί	and	6167123
328	24936	6167122	ὁ	ὁ	the	6167123
328	24936	6167123	πατὴρ	πατήρ	a father	6167118
328	24936	6167124	ὁ	ὁ	the	6167127
328	24936	6167125	τοῦ	ὁ	the	6167126
328	24936	6167126	Πολεμάρχου	Πολέμαρχος	Polemarchus	6167127
328	24936	6167127	Κέφαλος	Κέφαλος	Cephalus	6167118
328	24936	6167128	.	.	nodef	6167118
328	24937	6167129	καὶ	καί	and	6167133
328	24937	6167130	μάλα	μάλα	very	6167133
328	24937	6167131	πρεσβύτης	πρεσβύτης	age	6167134
328	24937	6167132	μοι	ἐγώ	I (first person pronoun)	6167133
328	24937	6167133	ἔδοξεν	δοκέω	seem	0
328	24937	6167134	εἶναι	εἰμί	to be	6167133
328	24937	6167135	·	·	nodef	6167129
328	24938	6167136	διὰ	διά	through c. gen.; because of c. acc.	6167140
328	24938	6167137	χρόνου	χρόνος	time	6167136
328	24938	6167138	γὰρ	γάρ	for	6167140
328	24938	6167139	καὶ	καί	and	6167140
328	24938	6167140	ἑωράκη	ὁράω	to see	0
328	24938	6167141	αὐτόν	αὐτός	unemph. 3rd pers.pronoun; -self; [the] same 	6167140
328	24938	6167142	.	.	nodef	6167136
328	24939	6167143	καθῆστο	κάθημαι	to be seated	0
328	24939	6167144	δὲ	δέ	but	6167143
328	24939	6167145	ἐστεφανωμένος	στεφανόω	to wreathe	6167143
328	24939	6167146	ἐπί	ἐπί	on	6167145
328	24939	6167147	τινος	τις	any one	6167148
328	24939	6167148	προσκεφαλαίου	προσκεφάλαιον	a cushion for the head	6167146
328	24939	6167149	τε	τε	and	6167148
328	24939	6167150	καὶ	καί	and	6167151
328	24939	6167151	δίφρου	δίφρος	the chariot (board); seat	6167148
328	24939	6167152	·	·	nodef	6167143
328	24940	6167153	τεθυκὼς	θύω	to sacrifice	6167155
328	24940	6167154	γὰρ	γάρ	for	6167155
328	24940	6167155	ἐτύγχανεν	τυγχάνω	(with gen.) to hit the mark	0
328	24940	6167156	ἐν	ἐν	in	6167155
328	24940	6167157	τῇ	ὁ	the	6167158
328	24940	6167158	αὐλῇ	αὐλή	court	6167156
328	24940	6167159	.	.	nodef	6167153
328	24941	6167160	ἐκαθεζόμεθα	καθέζομαι	to sit down	0
328	24941	6167161	οὖν	οὖν	so	6167160
328	24941	6167162	παρ’	παρά	from the side of	6167160
328	24941	6167163	αὐτόν	αὐτός	unemph. 3rd pers.pronoun; -self; [the] same 	6167162
328	24941	6167164	·	·	nodef	6167160
328	24942	6167165	ἔκειντο	κεῖμαι	to lie; to have been set/put (as perf. pass. of τίθημι)	0
328	24942	6167166	γὰρ	γάρ	for	6167165
328	24942	6167167	δίφροι	δίφρος	the chariot (board); seat	6167165
328	24942	6167168	τινὲς	τις	any one	6167167
328	24942	6167169	αὐτόθι	αὐτόθι	on the spot	6167165
328	24942	6167170	κύκλῳ	κύκλος	a ring	6167165
328	24942	6167171	.	.	nodef	6167165
328	24943	6167172	εὐθὺς	εὐθύς	straight	6167178
328	24943	6167173	οὖν	οὖν	so	6167178
328	24943	6167174	με	ἐγώ	I (first person pronoun)	6167175
328	24943	6167175	ἰδὼν	ὁράω	to see	6167178
328	24943	6167176	ὁ	ὁ	the	6167177
328	24943	6167177	Κέφαλος	Κέφαλος	Cephalus	6167178
328	24943	6167178	ἠσπάζετό	ἀσπάζομαι	to welcome kindly	0
328	24943	6167179	τε	τε	and	6167178
328	24943	6167180	καὶ	καί	and	6167181
328	24943	6167181	εἶπεν	λέγω	to pick; to say	6167178
328	24943	6167182	·	·	nodef	6167172
328	24944	6167183	ὦ	ὦ	O! oh!	6167184
328	24944	6167184	Σώκρατες	Σωκράτης	Socrates	6167188
328	24944	6167185	,	,	nodef	6167183
328	24944	6167186	οὐ	οὐ	not	6167188
328	24944	6167187	δὲ	δέ	but	6167188
328	24944	6167188	θαμίζεις	θαμίζω	to come often	0
328	24944	6167189	ἡμῖν	ἐγώ	I (first person pronoun)	6167188
328	24944	6167190	καταβαίνων	καταβαίνω	to step down	6167188
328	24944	6167191	εἰς	εἰς	into	6167190
328	24944	6167192	τὸν	ὁ	the	6167193
328	24944	6167193	Πειραιᾶ	Πειραιεύς	Peiraeus	6167191
328	24944	6167194	.	.	nodef	6167183
328	24945	6167195	χρῆν	χρή	it is fated	0
328	24945	6167196	μέντοι	μέντοι	however	6167195
328	24945	6167197	.	.	nodef	6167195
328	24946	6167198	εἰ	εἰ	conj. if	6167216
328	24946	6167199	μὲν	μέν	on the one hand	6167216
328	24946	6167200	γὰρ	γάρ	for	6167216
328	24946	6167201	ἐγὼ	ἐγώ	I (first person pronoun)	6167205
328	24946	6167202	ἔτι	ἔτι	yet	6167205
328	24946	6167203	ἐν	ἐν	in	6167205
328	24946	6167204	δυνάμει	δύναμις	power	6167203
328	24946	6167205	ἦ	εἰμί	to be	6167198
328	24946	6167206	τοῦ	ὁ	the	6167208
328	24946	6167207	ῥᾳδίως	ῥᾴδιος	easy	6167208
328	24946	6167208	πορεύεσθαι	πορεύω	to make to go	6167205
328	24946	6167209	πρὸς	πρός	(w. gen.) from; (w. dat.) at	6167208
328	24946	6167210	τὸ	ὁ	the	6167211
328	24946	6167211	ἄστυ	ἄστυ	a city	6167209
328	24946	6167212	,	,	nodef	6167198
328	24946	6167213	οὐδὲν	οὐδείς	not one	6167218
328	24946	6167214	ἂν	ἄν	modal particle	6167216
328	24946	6167215	σὲ	σύ	you (personal pronoun)	6167218
328	24946	6167216	ἔδει	δέω	to bind	0
328	24946	6167217	δεῦρο	δεῦρο	hither	6167218
328	24946	6167218	ἰέναι	ἔρχομαι	to come	6167216
328	24946	6167219	,	,	nodef	6167198
328	24946	6167220	ἀλλ’	ἀλλά	otherwise	6167225
328	24946	6167221	ἡμεῖς	ἐγώ	I (first person pronoun)	6167225
328	24946	6167222	ἂν	ἄν	modal particle	6167225
328	24946	6167223	παρὰ	παρά	from the side of	6167225
328	24946	6167224	σὲ	σύ	you (personal pronoun)	6167223
328	24946	6167225	ᾖμεν	ἔρχομαι	to come	6167216
328	24946	6167226	·	·	nodef	6167198
328	24947	6167227	νῦν	νῦν	now at this very time	6167230
328	24947	6167228	δέ	δέ	but	6167230
328	24947	6167229	σε	σύ	you (personal pronoun)	6167233
328	24947	6167230	χρὴ	χρή	it is fated	0
328	24947	6167231	πυκνότερον	πυκνός	close	6167233
328	24947	6167232	δεῦρο	δεῦρο	hither	6167233
328	24947	6167233	ἰέναι	ἔρχομαι	to come	6167230
328	24947	6167234	.	.	nodef	6167227
328	24948	6167235	ὡς	ὡς	as	6167250
328	24948	6167236	εὖ	εὖ	well	6167237
328	24948	6167237	ἴσθι	οἶδα	to know	0
328	24948	6167238	ὅτι	ὅτι	adv. + superl.	6167237
328	24948	6167239	ἔμοιγε	ἐγώ	I (first person pronoun)	6167248
328	24948	6167240	ὅσον	ὅσος	as much/many as	6167248
328	24948	6167241	αἱ	ὁ	the	6167247
328	24948	6167242	ἄλλαι	ἄλλος	other	6167247
328	24948	6167243	αἱ	ὁ	the	6167247
328	24948	6167244	κατὰ	κατά	down	6167247
328	24948	6167245	τὸ	ὁ	the	6167246
328	24948	6167246	σῶμα	σῶμα	the body	6167244
328	24948	6167247	ἡδοναὶ	ἡδονή	delight	6167248
328	24948	6167248	ἀπομαραίνονται	ἀπομαραίνομαι	nodef	6167250
328	24948	6167249	,	,	nodef	6167235
328	24948	6167250	τοσοῦτον	τοσοῦτος	so large	6167251
328	24948	6167251	αὔξονται	αὐξάνω	to make large	6167238
328	24948	6167252	αἱ	ὁ	the	6167256
328	24948	6167253	περὶ	περί	around	6167256
328	24948	6167254	τοὺς	ὁ	the	6167255
328	24948	6167255	λόγους	λόγος	the word	6167253
328	24948	6167256	ἐπιθυμίαι	ἐπιθυμία	desire	6167251
328	24948	6167257	τε	τε	and	6167256
328	24948	6167258	καὶ	καί	and	6167259
328	24948	6167259	ἡδοναί	ἡδονή	delight	6167256
328	24948	6167260	.	.	nodef	6167235
328	24949	6167261	μὴ	μή	not	6167264
328	24949	6167262	οὖν	οὖν	so	6167264
328	24949	6167263	ἄλλως	ἄλλος	other	6167264
328	24949	6167264	ποίει	ποιέω	to make	0
328	24949	6167265	,	,	nodef	6167261
328	24949	6167266	ἀλλὰ	ἀλλά	otherwise	6167271
328	24949	6167267	τοῖσδέ	ὅδε	this	6167270
328	24949	6167268	τε	τε	and	6167271
328	24949	6167269	τοῖς	ὁ	the	6167270
328	24949	6167270	νεανίσκοις	νεάνισκος	nodef	6167271
328	24949	6167271	σύνισθι	σύνοιδα	to share in knowledge	6167264
328	24949	6167272	καὶ	καί	and	6167276
328	24949	6167273	δεῦρο	δεῦρο	hither	6167276
328	24949	6167274	παρ’	παρά	from the side of	6167276
328	24949	6167275	ἡμᾶς	ἐγώ	I (first person pronoun)	6167274
328	24949	6167276	φοίτα	φοιτάω	to go to and fro	6167271
328	24949	6167277	ὡς	ὡς	as	6167276
328	24949	6167278	παρὰ	παρά	from the side of	6167276
328	24949	6167279	φίλους	φίλος	friend; loved	6167278
328	24949	6167280	τε	τε	and	6167279
328	24949	6167281	καὶ	καί	and	6167283
328	24949	6167282	πάνυ	πάνυ	altogether	6167283
328	24949	6167283	οἰκείους	οἰκεῖος	in or of the house	6167279
328	24949	6167284	.	.	nodef	6167261
328	24950	6167285	καὶ	καί	and	6167295
328	24950	6167286	μήν	μήν	now verily	6167295
328	24950	6167287	,	,	nodef	6167285
328	24950	6167288	ἦν	εἰμί	to be	6167295
328	24950	6167289	δ’	δέ	but	6167288
328	24950	6167290	ἐγώ	ἐγώ	I (first person pronoun)	6167288
328	24950	6167291	,	,	nodef	6167285
328	24950	6167292	ὦ	ὦ	O! oh!	6167293
328	24950	6167293	Κέφαλε	Κέφαλος	Cephalus	6167295
328	24950	6167294	,	,	nodef	6167285
328	24950	6167295	χαίρω	χαίρω	to rejoice	0
328	24950	6167296	γε	γε	at least	6167295
328	24950	6167297	διαλεγόμενος	διαλέγω	to pick out one from another	6167295
328	24950	6167298	τοῖς	ὁ	the	6167300
328	24950	6167299	σφόδρα	σφόδρα	very	6167300
328	24950	6167300	πρεσβύταις	πρεσβύτης	age	6167297
328	24950	6167301	·	·	nodef	6167285
328	24951	6167302	δοκεῖ	δοκέω	seem	0
328	24951	6167303	γάρ	γάρ	for	6167302
328	24951	6167304	μοι	ἐγώ	I (first person pronoun)	6167302
328	24951	6167305	χρῆναι	χρή	it is fated	6167302
328	24951	6167306	παρ’	παρά	from the side of	6167308
328	24951	6167307	αὐτῶν	αὐτός	unemph. 3rd pers.pronoun; -self; [the] same 	6167306
328	24951	6167308	πυνθάνεσθαι	πυνθάνομαι	to learn by hearsay	6167305
328	24951	6167309	,	,	nodef	6167302
328	24951	6167310	ὥσπερ	ὥσπερ	just as if	6167313
328	24951	6167311	τινὰ	τις	any one	6167312
328	24951	6167312	ὁδὸν	ὁδός	a way	6167313
328	24951	6167313	προεληλυθότων	προέρχομαι	to go forward	6167302
328	24951	6167314	ἣν	ὅς	who	6167319
328	24951	6167315	καὶ	καί	and	6167316
328	24951	6167316	ἡμᾶς	ἐγώ	I (first person pronoun)	6167319
328	24951	6167317	ἴσως	ἴσως	equally	6167318
328	24951	6167318	δεήσει	δέω	to bind	6167312
328	24951	6167319	πορεύεσθαι	πορεύω	to make to go	6167318
328	24951	6167320	,	,	nodef	6167302
328	24951	6167321	ποία	ποῖος	of what nature? of what sort?	6167323
328	24951	6167322	τίς	τίς	who? which?	6167323
328	24951	6167323	ἐστιν	εἰμί	to be	6167312
328	24951	6167324	,	,	nodef	6167302
328	24951	6167325	τραχεῖα	τραχύς	rugged	6167323
328	24951	6167326	καὶ	καί	and	6167327
328	24951	6167327	χαλεπή	χαλεπός	hard to bear	6167325
328	24951	6167328	,	,	nodef	6167302
328	24951	6167329	ἢ	ἤ	either..or; than	6167330
328	24951	6167330	ῥᾳδία	ῥᾴδιος	easy	6167323
328	24951	6167331	καὶ	καί	and	6167332
328	24951	6167332	εὔπορος	εὔπορος	easy to pass	6167330
328	24951	6167333	.	.	nodef	6167302
328	24952	6167334	καὶ	καί	and	6167340
328	24952	6167335	δὴ	δή	[interactional particle: S&H on same page]	6167340
328	24952	6167336	καὶ	καί	and	6167337
328	24952	6167337	σοῦ	σός	your	6167340
328	24952	6167338	ἡδέως	ἡδύς	sweet	6167340
328	24952	6167339	ἂν	ἄν	modal particle	6167340
328	24952	6167340	πυθοίμην	πυνθάνομαι	to learn by hearsay	0
328	24952	6167341	ὅτι	ὅτι	adv. + superl.	6167340
328	24952	6167342	σοι	σύ	you (personal pronoun)	6167343
328	24952	6167343	φαίνεται	φαίνω	to bring to light	6167341
328	24952	6167344	τοῦτο	οὗτος	this; that	6167343
328	24952	6167345	,	,	nodef	6167334
328	24952	6167346	ἐπειδὴ	ἐπειδή	nodef	6167343
328	24952	6167347	ἐνταῦθα	ἐνταῦθα	here	6167349
328	24952	6167348	ἤδη	ἤδη	already	6167349
328	24952	6167349	εἶ	εἰμί	to be	6167346
328	24952	6167350	τῆς	ὁ	the	6167351
328	24952	6167351	ἡλικίας	ἡλικία	time of life	6167347
328	24952	6167352	ὃ	ὁ	the	6167358
328	24952	6167353	δὴ	δή	[interactional particle: S&H on same page]	6167357
328	24952	6167354	ἐπὶ	ἐπί	on	6167358
328	24952	6167355	γήραος	γῆρας	old age	6167354
328	24952	6167356	οὐδῷ	οὐδός	a threshold	6167354
328	24952	6167357	φασιν	φημί	to say	6167351
328	24952	6167358	εἶναι	εἰμί	to be	6167357
328	24952	6167359	οἱ	ὁ	the	6167360
328	24952	6167360	ποιηταί	ποιητής	one who makes	6167357
328	24952	6167361	,	,	nodef	6167334
328	24952	6167362	πότερον	πότερον	whether	6167371
328	24952	6167363	χαλεπὸν	χαλεπός	hard to bear	6167344
328	24952	6167364	τοῦ	ὁ	the	6167365
328	24952	6167365	βίου	βίος	life	6167363
328	24952	6167366	,	,	nodef	6167334
328	24952	6167367	ἢ	ἤ	either..or; than	6167371
328	24952	6167368	πῶς	πῶς	how? in what way	6167371
328	24952	6167369	σὺ	σύ	you (personal pronoun)	6167371
328	24952	6167370	αὐτὸ	αὐτός	unemph. 3rd pers.pronoun; -self; [the] same 	6167371
328	24952	6167371	ἐξαγγέλλεις	ἐξαγγέλλω	to send out	6167343
328	24952	6167372	.	.	nodef	6167334
329	24953	6167373	ἐγώ	ἐγώ	I (first person pronoun)	6167381
329	24953	6167374	σοι	σύ	you (personal pronoun)	6167381
329	24953	6167375	,	,	nodef	6167373
329	24953	6167376	ἔφη	φημί	to say	0
329	24953	6167377	,	,	nodef	6167373
329	24953	6167378	νὴ	νή	(yes) by..	6167381
329	24953	6167379	τὸν	ὁ	the	6167380
329	24953	6167380	Δία	Ζεύς	Zeus	6167378
329	24953	6167381	ἐρῶ	λέγω	to pick; to say	6167376
329	24953	6167382	,	,	nodef	6167373
329	24953	6167383	ὦ	ὦ	O! oh!	6167384
329	24953	6167384	Σώκρατες	Σωκράτης	Socrates	6167381
329	24953	6167385	,	,	nodef	6167373
329	24953	6167386	οἷόν	οἷος	(such a kind) as; for οἷός τε see οἷος III.2	6167389
329	24953	6167387	γέ	γε	at least	6167386
329	24953	6167388	μοι	ἐγώ	I (first person pronoun)	6167389
329	24953	6167389	φαίνεται	φαίνω	to bring to light	6167381
329	24953	6167390	.	.	nodef	6167373
329	24954	6167391	πολλάκις	πολλάκις	many times	6167393
329	24954	6167392	γὰρ	γάρ	for	6167393
329	24954	6167393	συνερχόμεθά	συνέρχομαι	come together	0
329	24954	6167394	τινες	τις	any one	6167393
329	24954	6167395	εἰς	εἰς	into	6167400
329	24954	6167396	τ-	ὁ	the	6167397
329	24954	6167397	αὐτὸν	αὐτός	unemph. 3rd pers.pronoun; -self; [the] same 	6167395
329	24954	6167398	παραπλησίαν	παραπλήσιος	coming near	6167399
329	24954	6167399	ἡλικίαν	ἡλικία	time of life	6167400
329	24954	6167400	ἔχοντες	ἔχω	to have	6167393
329	24954	6167401	,	,	nodef	6167391
329	24954	6167402	διασῴζοντες	διασῴζω	to preserve through	6167393
329	24954	6167403	τὴν	ὁ	the	6167405
329	24954	6167404	παλαιὰν	παλαιός	old in years	6167405
329	24954	6167405	παροιμίαν	παροιμία	a by-word	6167402
329	24954	6167406	·	·	nodef	6167391
329	24955	6167407	οἱ	ὁ	the	6167409
329	24955	6167408	οὖν	οὖν	so	6167411
329	24955	6167409	πλεῖστοι	πολύς	much	6167411
329	24955	6167410	ἡμῶν	ἐγώ	I (first person pronoun)	6167409
329	24955	6167411	ὀλοφύρονται	ὀλοφύρομαι	to lament	0
329	24955	6167412	συνιόντες	συνέρχομαι	come together	6167411
329	24955	6167413	,	,	nodef	6167407
329	24955	6167414	τὰς	ὁ	the	6167418
329	24955	6167415	ἐν	ἐν	in	6167418
329	24955	6167416	τῇ	ὁ	the	6167417
329	24955	6167417	νεότητι	νεότης	youth	6167415
329	24955	6167418	ἡδονὰς	ἡδονή	delight	6167419
329	24955	6167419	ποθοῦντες	ποθέω	to long for	6167411
329	24955	6167420	καὶ	καί	and	6167421
329	24955	6167421	ἀναμιμνῃσκόμενοι	ἀναμιμνῄσκω	nodef	6167419
329	24955	6167422	περί	περί	around	6167421
329	24955	6167423	τε	τε	and	6167422
329	24955	6167424	τ-	ὁ	the	6167425
329	24955	6167425	ἀφροδίσια	Ἀφροδίσιος	belonging to Aphrodite	6167422
329	24955	6167426	καὶ	καί	and	6167427
329	24955	6167427	περὶ	περί	around	6167425
329	24955	6167428	πότους	πότος	drinking	6167427
329	24955	6167429	τε	τε	and	6167428
329	24955	6167430	καὶ	καί	and	6167431
329	24955	6167431	εὐωχίας	εὐωχία	good cheer	6167428
329	24955	6167432	καὶ	καί	and	6167434
329	24955	6167433	ἄλλ’	ἄλλος	other	6167434
329	24955	6167434	ἄττα	τις	any one	6167431
329	24955	6167435	ἃ	ὅς	who	6167438
329	24955	6167436	τῶν	ὁ	the	6167437
329	24955	6167437	τοιούτων	τοιοῦτος	such as this	6167435
329	24955	6167438	ἔχεται	ἔχω	to have	6167434
329	24955	6167439	,	,	nodef	6167407
329	24955	6167440	καὶ	καί	and	6167441
329	24955	6167441	ἀγανακτοῦσιν	ἀγανακτέω	to feel irritation	6167411
329	24955	6167442	ὡς	ὡς	as	6167445
329	24955	6167443	μεγάλων	μέγας	big	6167444
329	24955	6167444	τινῶν	τις	any one	6167445
329	24955	6167445	ἀπεστερημένοι	ἀποστερέω	to rob	6167441
329	24955	6167446	καὶ	καί	and	6167450
329	24955	6167447	τότε	τότε	at that time	6167450
329	24955	6167448	μὲν	μέν	on the one hand	6167450
329	24955	6167449	εὖ	εὖ	well	6167450
329	24955	6167450	ζῶντες	ζάω	to live	6167445
329	24955	6167451	,	,	nodef	6167407
329	24955	6167452	νῦν	νῦν	now at this very time	6167455
329	24955	6167453	δὲ	δέ	but	6167455
329	24955	6167454	οὐδὲ	οὐδέ	and/but not; not even	6167455
329	24955	6167455	ζῶντες	ζάω	to live	6167450
329	24955	6167456	.	.	nodef	6167407
329	24956	6167457	ἔνιοι	ἔνιοι	some	6167466
329	24956	6167458	δὲ	δέ	but	6167466
329	24956	6167459	καὶ	καί	and	6167463
329	24956	6167460	τὰς	ὁ	the	6167463
329	24956	6167461	τῶν	ὁ	the	6167462
329	24956	6167462	οἰκείων	οἰκεῖος	in or of the house	6167463
329	24956	6167463	προπηλακίσεις	προπηλάκισις	contumelious treatment	6167466
329	24956	6167464	τοῦ	ὁ	the	6167465
329	24956	6167465	γήρως	γῆρας	old age	6167463
329	24956	6167466	ὀδύρονται	ὀδύρομαι	to lament	0
329	24956	6167467	,	,	nodef	6167457
329	24956	6167468	καὶ	καί	and	6167474
329	24956	6167469	ἐπὶ	ἐπί	on	6167474
329	24956	6167470	τούτῳ	οὗτος	this; that	6167469
329	24956	6167471	δὴ	δή	[interactional particle: S&H on same page]	6167474
329	24956	6167472	τὸ	ὁ	the	6167473
329	24956	6167473	γῆρας	γῆρας	old age	6167474
329	24956	6167474	ὑμνοῦσιν	ὑμνέω	to sing	6167466
329	24956	6167475	ὅσων	ὅσος	as much/many as	6167476
329	24956	6167476	κακῶν	κακός	bad	6167478
329	24956	6167477	σφίσιν	σφεῖς	personal and (ind.) reflexive pronoun	6167478
329	24956	6167478	αἴτιον	αἴτιος	to blame	6167473
329	24956	6167479	.	.	nodef	6167457
329	24957	6167480	ἐμοὶ	ἐγώ	I (first person pronoun)	6167482
329	24957	6167481	δὲ	δέ	but	6167482
329	24957	6167482	δοκοῦσιν	δοκέω	seem	0
329	24957	6167483	,	,	nodef	6167480
329	24957	6167484	ὦ	ὦ	O! oh!	6167485
329	24957	6167485	Σώκρατες	Σωκράτης	Socrates	6167482
329	24957	6167486	,	,	nodef	6167480
329	24957	6167487	οὗτοι	οὗτος	this; that	6167482
329	24957	6167488	οὐ	οὐ	not	6167490
329	24957	6167489	τὸ	ὁ	the	6167490
329	24957	6167490	αἴτιον	αἴτιος	to blame	6167491
329	24957	6167491	αἰτιᾶσθαι	αἰτιάομαι	to charge	6167482
329	24957	6167492	.	.	nodef	6167480
329	24958	6167493	εἰ	εἰ	conj. if	0
329	24958	6167494	γὰρ	γάρ	for	6167495
329	24958	6167495	ἦν	εἰμί	to be	6167493
329	24958	6167496	τοῦτ’	οὗτος	this; that	6167495
329	24958	6167497	αἴτιον	αἴτιος	to blame	6167495
329	24958	6167498	,	,	nodef	6167493
329	24958	6167499	κἂν	κἄν	and if	6167495
329	24958	6167500	ἐγὼ	ἐγώ	I (first person pronoun)	6167504
329	24958	6167501	τὰ	ὁ	the	6167503
329	24958	6167502	αὐτὰ	αὐτός	unemph. 3rd pers.pronoun; -self; [the] same 	6167503
329	24958	6167503	ταῦτα	οὗτος	this; that	6167504
329	24958	6167504	ἐπεπόνθη	πάσχω	to experience	6167499
329	24958	6167505	,	,	nodef	6167493
329	24958	6167506	ἕνεκά	ἕνεκα	on account of	6167504
329	24958	6167507	γε	γε	at least	6167508
329	24958	6167508	γήρως	γῆρας	old age	6167506
329	24958	6167509	,	,	nodef	6167493
329	24958	6167510	καὶ	καί	and	6167512
329	24958	6167511	οἱ	ὁ	the	6167512
329	24958	6167512	ἄλλοι	ἄλλος	other	6167504
329	24958	6167513	πάντες	πᾶς	all	6167512
329	24958	6167514	ὅσοι	ὅσος	as much/many as	6167516
329	24958	6167515	ἐνταῦθα	ἐνταῦθα	here	6167516
329	24958	6167516	ἦλθον	ἔρχομαι	to come	6167512
329	24958	6167517	ἡλικίας	ἡλικία	time of life	6167516
329	24958	6167518	.	.	nodef	6167493
329	24959	6167519	νῦν	νῦν	now at this very time	6167523
329	24959	6167520	δ’	δέ	but	6167523
329	24959	6167521	ἔγωγε	ἐγώ	I (first person pronoun)	6167523
329	24959	6167522	ἤδη	ἤδη	already	6167523
329	24959	6167523	ἐντετύχηκα	ἐντυγχάνω	to light upon	0
329	24959	6167524	οὐχ	οὐ	not	6167526
329	24959	6167525	οὕτως	οὕτως	so	6167526
329	24959	6167526	ἔχουσιν	ἔχω	to have	6167523
329	24959	6167527	καὶ	καί	and	6167528
329	24959	6167528	ἄλλοις	ἄλλος	other	6167526
329	24959	6167529	,	,	nodef	6167519
329	24959	6167530	καὶ	καί	and	6167537
329	24959	6167531	δὴ	δή	[interactional particle: S&H on same page]	6167537
329	24959	6167532	καὶ	καί	and	6167533
329	24959	6167533	Σοφοκλεῖ	Σοφοκλῆς	Sophocles	6167537
329	24959	6167534	ποτε	ποτέ	nodef	6167537
329	24959	6167535	τῷ	ὁ	the	6167536
329	24959	6167536	ποιητῇ	ποιητής	one who makes	6167533
329	24959	6167537	παρεγενόμην	παραγίγνομαι	to come near	6167526
329	24959	6167538	ἐρωτωμένῳ	ἐρωτάω	to ask	6167533
329	24959	6167539	ὑπό	ὑπό	from under	6167538
329	24959	6167540	τινος	τις	any one	6167539
329	24959	6167541	·	·	nodef	6167519
329	24960	6167542	πῶς	πῶς	how? in what way	6167549
329	24960	6167543	,	,	nodef	6167542
329	24960	6167544	ἔφη	φημί	to say	0
329	24960	6167545	,	,	nodef	6167542
329	24960	6167546	ὦ	ὦ	O! oh!	6167547
329	24960	6167547	Σοφόκλεις	Σοφοκλῆς	Sophocles	6167549
329	24960	6167548	,	,	nodef	6167542
329	24960	6167549	ἔχεις	ἔχω	to have	6167544
329	24960	6167550	πρὸς	πρός	(w. gen.) from; (w. dat.) at	6167549
329	24960	6167551	τ-	ὁ	the	6167552
329	24960	6167552	ἀφροδίσια	Ἀφροδίσιος	belonging to Aphrodite	6167550
329	24960	6167553	;	;	nodef	6167542
329	24961	6167554	ἔτι	ἔτι	yet	6167557
329	24961	6167555	οἷός	οἷος	(such a kind) as; for οἷός τε see οἷος III.2	6167557
329	24961	6167556	τε	τε	and	6167555
329	24961	6167557	εἶ	εἰμί	to be	0
329	24961	6167558	γυναικὶ	γυνή	a woman	6167559
329	24961	6167559	συγγίγνεσθαι	συγγίγνομαι	to be with	6167555
329	24961	6167560	;	;	nodef	6167554
329	24962	6167561	καὶ	καί	and	6167566
329	24962	6167562	ὅς	ὅς	who	6167566
329	24962	6167563	,	,	nodef	6167561
329	24962	6167564	εὐφήμει	εὐφημέω	to use words of good omen	6167566
329	24962	6167565	,	,	nodef	6167561
329	24962	6167566	ἔφη	φημί	to say	0
329	24962	6167567	,	,	nodef	6167561
329	24962	6167568	ὦ	ὦ	O! oh!	6167569
329	24962	6167569	ἄνθρωπε	ἄνθρωπος	man	6167564
329	24962	6167570	·	·	nodef	6167561
329	24963	6167571	ἁσμενέστατα	ἀσμενής	nodef	6167574
329	24963	6167572	μέντοι	μέντοι	however	6167574
329	24963	6167573	αὐτὸ	αὐτός	unemph. 3rd pers.pronoun; -self; [the] same 	6167574
329	24963	6167574	ἀπέφυγον	ἀποφεύγω	to flee from	0
329	24963	6167575	,	,	nodef	6167571
329	24963	6167576	ὥσπερ	ὥσπερ	just as if	6167574
329	24963	6167577	λυττῶντά	λυσσάω	to be raging	6167581
329	24963	6167578	τινα	τις	any one	6167581
329	24963	6167579	καὶ	καί	and	6167580
329	24963	6167580	ἄγριον	ἄγριος	(living in the fields) wild	6167577
329	24963	6167581	δεσπότην	δεσπότης	a master	6167582
329	24963	6167582	ἀποδράς	ἀποδιδράσκω	to run away	6167574
329	24963	6167583	.	.	nodef	6167571
329	24964	6167584	εὖ	εὖ	well	6167591
329	24964	6167585	οὖν	οὖν	so	6167589
329	24964	6167586	μοι	ἐγώ	I (first person pronoun)	6167589
329	24964	6167587	καὶ	καί	and	6167588
329	24964	6167588	τότε	τότε	at that time	6167589
329	24964	6167589	ἔδοξεν	δοκέω	seem	0
329	24964	6167590	ἐκεῖνος	ἐκεῖνος	that over there	6167589
329	24964	6167591	εἰπεῖν	λέγω	to pick; to say	6167589
329	24964	6167592	,	,	nodef	6167584
329	24964	6167593	καὶ	καί	and	6167589
329	24964	6167594	νῦν	νῦν	now at this very time	6167589
329	24964	6167595	οὐχ	οὐ	not	6167596
329	24964	6167596	ἧττον	ἥσσων	less	6167589
329	24964	6167597	.	.	nodef	6167584
329	24965	6167598	παντάπασι	παντάπασι	all in all	6167608
329	24965	6167599	γὰρ	γάρ	for	6167608
329	24965	6167600	τῶν	ὁ	the	6167602
329	24965	6167601	γε	γε	at least	6167602
329	24965	6167602	τοιούτων	τοιοῦτος	such as this	6167607
329	24965	6167603	ἐν	ἐν	in	6167608
329	24965	6167604	τῷ	ὁ	the	6167605
329	24965	6167605	γήρᾳ	γῆρας	old age	6167603
329	24965	6167606	πολλὴ	πολύς	much	6167607
329	24965	6167607	εἰρήνη	εἰρήνη	peace	6167608
329	24965	6167608	γίγνεται	γίγνομαι	become	0
329	24965	6167609	καὶ	καί	and	6167610
329	24965	6167610	ἐλευθερία	ἐλευθερία	freedom	6167607
329	24965	6167611	·	·	nodef	6167598
329	24966	6167612	ἐπειδὰν	ἐπειδάν	whenever.	6167629
329	24966	6167613	αἱ	ὁ	the	6167614
329	24966	6167614	ἐπιθυμίαι	ἐπιθυμία	desire	6167615
329	24966	6167615	παύσωνται	παύω	to make to cease	6167612
329	24966	6167616	κατατείνουσαι	κατατείνω	to stretch	6167615
329	24966	6167617	καὶ	καί	and	6167618
329	24966	6167618	χαλάσωσιν	χαλάω	to slacken	6167615
329	24966	6167619	,	,	nodef	6167612
329	24966	6167620	παντάπασιν	παντάπασι	all in all	6167624
329	24966	6167621	τὸ	ὁ	the	6167624
329	24966	6167622	τοῦ	ὁ	the	6167623
329	24966	6167623	Σοφοκλέους	Σοφοκλῆς	Sophocles	6167621
329	24966	6167624	γίγνεται	γίγνομαι	become	0
329	24966	6167625	,	,	nodef	6167612
329	24966	6167626	δεσποτῶν	δεσπότης	a master	6167629
329	24966	6167627	πάνυ	πάνυ	altogether	6167628
329	24966	6167628	πολλῶν	πολύς	much	6167626
329	24966	6167629	ἐστι	εἰμί	to be	6167624
329	24966	6167630	καὶ	καί	and	6167631
329	24966	6167631	μαινομένων	μαίνομαι	to rage	6167628
329	24966	6167632	ἀπηλλάχθαι	ἀπαλλάσσω	to set free	6167629
329	24966	6167633	.	.	nodef	6167612
329	24967	6167634	ἀλλὰ	ἀλλά	otherwise	6167647
329	24967	6167635	καὶ	καί	and	6167636
329	24967	6167636	τούτων	οὗτος	this; that	6167637
329	24967	6167637	πέρι	περί	around	6167647
329	24967	6167638	καὶ	καί	and	6167639
329	24967	6167639	τῶν	ὁ	the	6167636
329	24967	6167640	γε	γε	at least	6167639
329	24967	6167641	πρὸς	πρός	(w. gen.) from; (w. dat.) at	6167639
329	24967	6167642	τοὺς	ὁ	the	6167643
329	24967	6167643	οἰκείους	οἰκεῖος	in or of the house	6167641
329	24967	6167644	μία	εἷς	one	6167646
329	24967	6167645	τις	τις	any one	6167646
329	24967	6167646	αἰτία	αἰτία	a charge	6167647
329	24967	6167647	ἐστίν	εἰμί	to be	0
329	24967	6167648	,	,	nodef	6167634
329	24967	6167649	οὐ	οὐ	not	6167651
329	24967	6167650	τὸ	ὁ	the	6167651
329	24967	6167651	γῆρας	γῆρας	old age	6167646
329	24967	6167652	,	,	nodef	6167634
329	24967	6167653	ὦ	ὦ	O! oh!	6167654
329	24967	6167654	Σώκρατες	Σωκράτης	Socrates	6167647
329	24967	6167655	,	,	nodef	6167634
329	24967	6167656	ἀλλ’	ἀλλά	otherwise	6167658
329	24967	6167657	ὁ	ὁ	the	6167658
329	24967	6167658	τρόπος	τρόπος	a turn	6167646
329	24967	6167659	τῶν	ὁ	the	6167660
329	24967	6167660	ἀνθρώπων	ἄνθρωπος	man	6167658
329	24967	6167661	.	.	nodef	6167634
329	24968	6167662	ἂν	ἐάν	if	6167674
329	24968	6167663	μὲν	μέν	on the one hand	6167674
329	24968	6167664	γὰρ	γάρ	for	6167674
329	24968	6167665	κόσμιοι	κόσμιος	well-ordered	6167668
329	24968	6167666	καὶ	καί	and	6167667
329	24968	6167667	εὔκολοι	εὔκολος	easily satisfied	6167665
329	24968	6167668	ὦσιν	εἰμί	to be	6167662
329	24968	6167669	,	,	nodef	6167662
329	24968	6167670	καὶ	καί	and	6167672
329	24968	6167671	τὸ	ὁ	the	6167672
329	24968	6167672	γῆρας	γῆρας	old age	6167674
329	24968	6167673	μετρίως	μέτριος	within measure	6167674
329	24968	6167674	ἐστὶν	εἰμί	to be	0
329	24968	6167675	ἐπίπονον	ἐπίπονος	painful	6167674
329	24968	6167676	·	·	nodef	6167662
329	24969	6167677	εἰ	εἰ	conj. if	6167692
329	24969	6167678	δὲ	δέ	but	6167692
329	24969	6167679	μή	μή	not	6167677
329	24969	6167680	,	,	nodef	6167677
329	24969	6167681	καὶ	καί	and	6167682
329	24969	6167682	γῆρας	γῆρας	old age	6167692
329	24969	6167683	,	,	nodef	6167677
329	24969	6167684	ὦ	ὦ	O! oh!	6167685
329	24969	6167685	Σώκρατες	Σωκράτης	Socrates	6167692
329	24969	6167686	,	,	nodef	6167677
329	24969	6167687	καὶ	καί	and	6167688
329	24969	6167688	νεότης	νεότης	youth	6167692
329	24969	6167689	χαλεπὴ	χαλεπός	hard to bear	6167688
329	24969	6167690	τῷ	ὁ	the	6167691
329	24969	6167691	τοιούτῳ	τοιοῦτος	such as this	6167689
329	24969	6167692	συμβαίνει	συμβαίνω	meet	0
329	24969	6167693	.	.	nodef	6167677
329	24970	6167694	καὶ	καί	and	6167705
329	24970	6167695	ἐγὼ	ἐγώ	I (first person pronoun)	6167705
329	24970	6167696	ἀγασθεὶς	ἄγαμαι	to wonder	6167705
329	24970	6167697	αὐτοῦ	αὐτός	unemph. 3rd pers.pronoun; -self; [the] same 	6167698
329	24970	6167698	εἰπόντος	λέγω	to pick; to say	6167705
329	24970	6167699	ταῦτα	οὗτος	this; that	6167698
329	24970	6167700	,	,	nodef	6167694
329	24970	6167701	βουλόμενος	βούλομαι	to will	6167705
329	24970	6167702	ἔτι	ἔτι	yet	6167703
329	24970	6167703	λέγειν	λέγω	to pick; to say	6167701
329	24970	6167704	αὐτὸν	αὐτός	unemph. 3rd pers.pronoun; -self; [the] same 	6167703
329	24970	6167705	ἐκίνουν	κινέω	to set in motion	0
329	24970	6167706	καὶ	καί	and	6167707
329	24970	6167707	εἶπον	λέγω	to pick; to say	6167705
329	24970	6167708	·	·	nodef	6167694
329	24971	6167709	ὦ	ὦ	O! oh!	6167710
329	24971	6167710	Κέφαλε	Κέφαλος	Cephalus	6167712
329	24971	6167711	,	,	nodef	6167709
329	24971	6167712	οἶμαί	οἴομαι	to suppose	0
329	24971	6167713	σου	σύ	you (personal pronoun)	6167715
329	24971	6167714	τοὺς	ὁ	the	6167715
329	24971	6167715	πολλούς	πολύς	much	6167722
329	24971	6167716	,	,	nodef	6167709
329	24971	6167717	ὅταν	ὅταν	when	6167722
329	24971	6167718	ταῦτα	οὗτος	this; that	6167719
329	24971	6167719	λέγῃς	λέγω	to pick; to say	6167717
329	24971	6167720	,	,	nodef	6167709
329	24971	6167721	οὐκ	οὐ	not	6167722
329	24971	6167722	ἀποδέχεσθαι	ἀποδέχομαι	to accept from	6167712
329	24971	6167723	ἀλλ’	ἀλλά	otherwise	6167724
329	24971	6167724	ἡγεῖσθαί	ἡγέομαι	to lead; to consider	6167722
329	24971	6167725	σε	σύ	you (personal pronoun)	6167729
329	24971	6167726	ῥᾳδίως	ῥᾴδιος	easy	6167729
329	24971	6167727	τὸ	ὁ	the	6167728
329	24971	6167728	γῆρας	γῆρας	old age	6167729
329	24971	6167729	φέρειν	φέρω	to bear	6167724
329	24971	6167730	οὐ	οὐ	not	6167731
329	24971	6167731	διὰ	διά	through c. gen.; because of c. acc.	6167729
329	24971	6167732	τὸν	ὁ	the	6167733
329	24971	6167733	τρόπον	τρόπος	a turn	6167731
329	24971	6167734	ἀλλὰ	ἀλλά	otherwise	6167735
329	24971	6167735	διὰ	διά	through c. gen.; because of c. acc.	6167733
329	24971	6167736	τὸ	ὁ	the	6167739
329	24971	6167737	πολλὴν	πολύς	much	6167738
329	24971	6167738	οὐσίαν	οὐσία	that which is one's own	6167739
329	24971	6167739	κεκτῆσθαι	κτάομαι	to procure for oneself	6167735
329	24971	6167740	·	·	nodef	6167709
329	24972	6167741	τοῖς	ὁ	the	6167743
329	24972	6167742	γὰρ	γάρ	for	6167746
329	24972	6167743	πλουσίοις	πλούσιος	rich	6167747
329	24972	6167744	πολλὰ	πολύς	much	6167745
329	24972	6167745	παραμύθιά	παραμύθιον	an address	6167747
329	24972	6167746	φασιν	φημί	to say	0
329	24972	6167747	εἶναι	εἰμί	to be	6167746
329	24972	6167748	.	.	nodef	6167741
330	24973	6167749	ἀληθῆ	ἀληθής	unconcealed	6167753
330	24973	6167750	,	,	nodef	6167749
330	24973	6167751	ἔφη	φημί	to say	0
330	24973	6167752	,	,	nodef	6167749
330	24973	6167753	λέγεις	λέγω	to pick; to say	6167751
330	24973	6167754	·	·	nodef	6167749
330	24974	6167755	οὐ	οὐ	not	6167757
330	24974	6167756	γὰρ	γάρ	for	6167757
330	24974	6167757	ἀποδέχονται	ἀποδέχομαι	to accept from	0
330	24974	6167758	.	.	nodef	6167755
330	24975	6167759	καὶ	καί	and	6167760
330	24975	6167760	λέγουσι	λέγω	to pick; to say	0
330	24975	6167761	μέν	μέν	on the one hand	6167760
330	24975	6167762	τι	τις	any one	6167760
330	24975	6167763	,	,	nodef	6167759
330	24975	6167764	οὐ	οὐ	not	6167768
330	24975	6167765	μέντοι	μέντοι	however	6167768
330	24975	6167766	γε	γε	at least	6167767
330	24975	6167767	ὅσον	ὅσος	as much/many as	6167768
330	24975	6167768	οἴονται	οἴομαι	to suppose	6167760
330	24975	6167769	·	·	nodef	6167759
330	24976	6167770	ἀλλὰ	ἀλλά	otherwise	6167775
330	24976	6167771	τὸ	ὁ	the	6167775
330	24976	6167772	τοῦ	ὁ	the	6167773
330	24976	6167773	Θεμιστοκλέους	Θεμιστοκλῆς	Themistocles	6167771
330	24976	6167774	εὖ	εὖ	well	6167775
330	24976	6167775	ἔχει	ἔχω	to have	0
330	24976	6167776	,	,	nodef	6167770
330	24976	6167777	ὃς	ὅς	who	6167793
330	24976	6167778	τῷ	ὁ	the	6167779
330	24976	6167779	Σεριφίῳ	Σερίφιος	of Seriphus	6167780
330	24976	6167780	λοιδορουμένῳ	λοιδορέω	to abuse	6167793
330	24976	6167781	καὶ	καί	and	6167782
330	24976	6167782	λέγοντι	λέγω	to pick; to say	6167780
330	24976	6167783	ὅτι	ὅτι	adv. + superl.	6167782
330	24976	6167784	οὐ	οὐ	not	6167786
330	24976	6167785	δι’	διά	through c. gen.; because of c. acc.	6167791
330	24976	6167786	αὑτὸν	ἑαυτοῦ	himself	6167785
330	24976	6167787	ἀλλὰ	ἀλλά	otherwise	6167788
330	24976	6167788	διὰ	διά	through c. gen.; because of c. acc.	6167786
330	24976	6167789	τὴν	ὁ	the	6167790
330	24976	6167790	πόλιν	πόλις	a city	6167788
330	24976	6167791	εὐδοκιμοῖ	εὐδοκιμέω	to be of good repute	6167783
330	24976	6167792	,	,	nodef	6167770
330	24976	6167793	ἀπεκρίνατο	ἀποκρίνω	to separate	6167775
330	24976	6167794	ὅτι	ὅτι	adv. + superl.	6167793
330	24976	6167795	οὔτ’	οὔτε	neither / nor	6167801
330	24976	6167796	ἂν	ἄν	modal particle	6167801
330	24976	6167797	αὐτὸς	αὐτός	unemph. 3rd pers.pronoun; -self; [the] same 	6167801
330	24976	6167798	Σερίφιος	Σερίφιος	of Seriphus	6167799
330	24976	6167799	ὢν	εἰμί	to be	6167801
330	24976	6167800	ὀνομαστὸς	ὀνομαστός	named	6167801
330	24976	6167801	ἐγένετο	γίγνομαι	become	6167794
330	24976	6167802	οὔτ’	οὔτε	neither / nor	6167801
330	24976	6167803	ἐκεῖνος	ἐκεῖνος	that over there	6167801
330	24976	6167804	Ἀθηναῖος	Ἀθηναῖος	Athenian	6167801
330	24976	6167805	.	.	nodef	6167770
330	24977	6167806	καὶ	καί	and	6167819
330	24977	6167807	τοῖς	ὁ	the	6167810
330	24977	6167808	δὴ	δή	[interactional particle: S&H on same page]	6167810
330	24977	6167809	μὴ	μή	not	6167810
330	24977	6167810	πλουσίοις	πλούσιος	rich	6167819
330	24977	6167811	,	,	nodef	6167806
330	24977	6167812	χαλεπῶς	χαλεπός	hard to bear	6167816
330	24977	6167813	δὲ	δέ	but	6167816
330	24977	6167814	τὸ	ὁ	the	6167815
330	24977	6167815	γῆρας	γῆρας	old age	6167816
330	24977	6167816	φέρουσιν	φέρω	to bear	6167810
330	24977	6167817	,	,	nodef	6167806
330	24977	6167818	εὖ	εὖ	well	6167819
330	24977	6167819	ἔχει	ἔχω	to have	0
330	24977	6167820	ὁ	ὁ	the	6167822
330	24977	6167821	αὐτὸς	αὐτός	unemph. 3rd pers.pronoun; -self; [the] same 	6167822
330	24977	6167822	λόγος	λόγος	the word	6167819
330	24977	6167823	,	,	nodef	6167806
330	24977	6167824	ὅτι	ὅτι	adv. + superl.	6167819
330	24977	6167825	οὔτ’	οὔτε	neither / nor	6167835
330	24977	6167826	ἂν	ἄν	modal particle	6167835
330	24977	6167827	ὁ	ὁ	the	6167828
330	24977	6167828	ἐπιεικὴς	ἐπιεικής	fitting	6167835
330	24977	6167829	πάνυ	πάνυ	altogether	6167831
330	24977	6167830	τι	τις	any one	6167832
330	24977	6167831	ῥᾳδίως	ῥᾴδιος	easy	6167835
330	24977	6167832	γῆρας	γῆρας	old age	6167835
330	24977	6167833	μετὰ	μετά	(w gen) with	6167835
330	24977	6167834	πενίας	πενία	poverty	6167833
330	24977	6167835	ἐνέγκοι	φέρω	to bear	6167824
330	24977	6167836	οὔθ’	οὔτε	neither / nor	6167845
330	24977	6167837	ὁ	ὁ	the	6167840
330	24977	6167838	μὴ	μή	not	6167839
330	24977	6167839	ἐπιεικὴς	ἐπιεικής	fitting	6167840
330	24977	6167840	πλουτήσας	πλουτέω	to be rich	6167845
330	24977	6167841	εὔκολός	εὔκολος	easily satisfied	6167845
330	24977	6167842	ποτ’	ποτέ	nodef	6167845
330	24977	6167843	ἂν	ἄν	modal particle	6167845
330	24977	6167844	ἑαυτῷ	ἑαυτοῦ	himself	6167845
330	24977	6167845	γένοιτο	γίγνομαι	become	6167835
330	24977	6167846	.	.	nodef	6167806
330	24978	6167847	πότερον	πότερον	whether	6167861
330	24978	6167848	δέ	δέ	but	6167861
330	24978	6167849	,	,	nodef	6167847
330	24978	6167850	ἦν	εἰμί	to be	6167861
330	24978	6167851	δ’	δέ	but	6167850
330	24978	6167852	ἐγώ	ἐγώ	I (first person pronoun)	6167850
330	24978	6167853	,	,	nodef	6167847
330	24978	6167854	ὦ	ὦ	O! oh!	6167855
330	24978	6167855	Κέφαλε	Κέφαλος	Cephalus	6167861
330	24978	6167856	,	,	nodef	6167847
330	24978	6167857	ὧν	ὅς	who	6167858
330	24978	6167858	κέκτησαι	κτάομαι	to procure for oneself	6167860
330	24978	6167859	τὰ	ὁ	the	6167860
330	24978	6167860	πλείω	πολύς	much	6167861
330	24978	6167861	παρέλαβες	παραλαμβάνω	to receive from	0
330	24978	6167862	ἢ	ἤ	either..or; than	6167863
330	24978	6167863	ἐπεκτήσω	ἐπικτάομαι	to gain	6167861
330	24978	6167864	;	;	nodef	6167847
330	24979	6167865	ποῖ’	ποῖος	of what nature? of what sort?	6167866
330	24979	6167866	ἐπεκτησάμην	ἐπικτάομαι	to gain	6167868
330	24979	6167867	,	,	nodef	6167865
330	24979	6167868	ἔφη	φημί	to say	0
330	24979	6167869	,	,	nodef	6167865
330	24979	6167870	ὦ	ὦ	O! oh!	6167871
330	24979	6167871	Σώκρατες	Σωκράτης	Socrates	6167866
330	24979	6167872	;	;	nodef	6167865
330	24980	6167873	μέσος	μέσος	middle	6167875
330	24980	6167874	τις	τις	any one	6167876
330	24980	6167875	γέγονα	γίγνομαι	become	0
330	24980	6167876	χρηματιστὴς	χρηματιστής	a man in business	6167875
330	24980	6167877	τοῦ	ὁ	the	6167879
330	24980	6167878	τε	τε	and	6167879
330	24980	6167879	πάππου	πάππης	papa	6167876
330	24980	6167880	καὶ	καί	and	6167882
330	24980	6167881	τοῦ	ὁ	the	6167882
330	24980	6167882	πατρός	πατήρ	a father	6167879
330	24980	6167883	.	.	nodef	6167873
330	24981	6167884	ὁ	ὁ	the	6167887
330	24981	6167885	μὲν	μέν	on the one hand	6167902
330	24981	6167886	γὰρ	γάρ	for	6167902
330	24981	6167887	πάππος	πάππος	a grandfather	6167902
330	24981	6167888	τε	τε	and	6167887
330	24981	6167889	καὶ	καί	and	6167890
330	24981	6167890	ὁμώνυμος	ὁμώνυμος	having the same name	6167887
330	24981	6167891	ἐμοὶ	ἐγώ	I (first person pronoun)	6167890
330	24981	6167892	σχεδόν	σχεδόν	close	6167890
330	24981	6167893	τι	τις	any one	6167899
330	24981	6167894	ὅσην	ὅσος	as much/many as	6167897
330	24981	6167895	ἐγὼ	ἐγώ	I (first person pronoun)	6167898
330	24981	6167896	νῦν	νῦν	now at this very time	6167898
330	24981	6167897	οὐσίαν	οὐσία	that which is one's own	6167898
330	24981	6167898	κέκτημαι	κτάομαι	to procure for oneself	6167893
330	24981	6167899	παραλαβὼν	παραλαμβάνω	to receive from	6167902
330	24981	6167900	πολλάκις	πολλάκις	many times	6167902
330	24981	6167901	τοσαύτην	τοσοῦτος	so large	6167902
330	24981	6167902	ἐποίησεν	ποιέω	to make	0
330	24981	6167903	,	,	nodef	6167884
330	24981	6167904	Λυσανίας	Λυσανίας	Lysanias	6167911
330	24981	6167905	δὲ	δέ	but	6167911
330	24981	6167906	ὁ	ὁ	the	6167904
330	24981	6167907	πατὴρ	πατήρ	a father	6167904
330	24981	6167908	ἔτι	ἔτι	yet	6167909
330	24981	6167909	ἐλάττω	ἐλαχύς	small	6167911
330	24981	6167910	αὐτὴν	αὐτός	unemph. 3rd pers.pronoun; -self; [the] same 	6167911
330	24981	6167911	ἐποίησε	ποιέω	to make	6167902
330	24981	6167912	τῆς	ὁ	the	6167914
330	24981	6167913	νῦν	νῦν	now at this very time	6167914
330	24981	6167914	οὔσης	εἰμί	to be	6167909
330	24981	6167915	·	·	nodef	6167884
330	24982	6167916	ἐγὼ	ἐγώ	I (first person pronoun)	6167918
330	24982	6167917	δὲ	δέ	but	6167918
330	24982	6167918	ἀγαπῶ	ἀγαπάω	to treat with affection	0
330	24982	6167919	ἐὰν	ἐάν	if	6167918
330	24982	6167920	μὴ	μή	not	6167921
330	24982	6167921	ἐλάττω	ἐλαχύς	small	6167922
330	24982	6167922	καταλίπω	καταλείπω	to leave behind	6167919
330	24982	6167923	τούτοισιν	οὗτος	this; that	6167921
330	24982	6167924	,	,	nodef	6167916
330	24982	6167925	ἀλλὰ	ἀλλά	otherwise	6167931
330	24982	6167926	βραχεῖ	βραχύς	short	6167929
330	24982	6167927	γέ	γε	at least	6167926
330	24982	6167928	τινι	τις	any one	6167930
330	24982	6167929	πλείω	πολύς	much	6167918
330	24982	6167930	ἢ	ἤ	either..or; than	6167929
330	24982	6167931	παρέλαβον	παραλαμβάνω	to receive from	6167930
330	24982	6167932	.	.	nodef	6167916
330	24983	6167933	οὗ	οὗ	where	6167935
330	24983	6167934	τοι	τοι	let me tell you	6167936
330	24983	6167935	ἕνεκα	ἕνεκα	on account of	6167936
330	24983	6167936	ἠρόμην	ἔρομαι	to ask	0
330	24983	6167937	,	,	nodef	6167933
330	24983	6167938	ἦν	εἰμί	to be	6167936
330	24983	6167939	δ’	δέ	but	6167938
330	24983	6167940	ἐγώ	ἐγώ	I (first person pronoun)	6167938
330	24983	6167941	,	,	nodef	6167933
330	24983	6167942	ὅτι	ὅτι	adv. + superl.	6167938
330	24983	6167943	μοι	ἐγώ	I (first person pronoun)	6167944
330	24983	6167944	ἔδοξας	δοκέω	seem	6167942
330	24983	6167945	οὐ	οὐ	not	6167946
330	24983	6167946	σφόδρα	σφόδρα	very	6167947
330	24983	6167947	ἀγαπᾶν	ἀγαπάω	to treat with affection	6167944
330	24983	6167948	τὰ	ὁ	the	6167949
330	24983	6167949	χρήματα	χρῆμα	thing	6167947
330	24983	6167950	,	,	nodef	6167933
330	24983	6167951	τοῦτο	οὗτος	this; that	6167953
330	24983	6167952	δὲ	δέ	but	6167953
330	24983	6167953	ποιοῦσιν	ποιέω	to make	6167944
330	24983	6167954	ὡς	ὡς	as	6167951
330	24983	6167955	τὸ	ὁ	the	6167956
330	24983	6167956	πολὺ	πολύς	much	6167954
330	24983	6167957	οἳ	ὅς	who	6167961
330	24983	6167958	ἂν	ἄν	modal particle	6167961
330	24983	6167959	μὴ	μή	not	6167961
330	24983	6167960	αὐτοὶ	αὐτός	unemph. 3rd pers.pronoun; -self; [the] same 	6167961
330	24983	6167961	κτήσωνται	κτάομαι	to procure for oneself	6167956
330	24983	6167962	·	·	nodef	6167933
330	24984	6167963	οἱ	ὁ	the	6167965
330	24984	6167964	δὲ	δέ	but	6167970
330	24984	6167965	κτησάμενοι	κτάομαι	to procure for oneself	6167970
330	24984	6167966	διπλῇ	διπλῇ	twice	6167965
330	24984	6167967	ἢ	ἤ	either..or; than	6167966
330	24984	6167968	οἱ	ὁ	the	6167969
330	24984	6167969	ἄλλοι	ἄλλος	other	6167967
330	24984	6167970	ἀσπάζονται	ἀσπάζομαι	to welcome kindly	0
330	24984	6167971	αὐτά	αὐτός	unemph. 3rd pers.pronoun; -self; [the] same 	6167970
330	24984	6167972	.	.	nodef	6167963
330	24985	6167973	ὥσπερ	ὥσπερ	just as if	6167996
330	24985	6167974	γὰρ	γάρ	for	6167996
330	24985	6167975	οἱ	ὁ	the	6167976
330	24985	6167976	ποιηταὶ	ποιητής	one who makes	6167985
330	24985	6167977	τὰ	ὁ	the	6167979
330	24985	6167978	αὑτῶν	ἑαυτοῦ	himself	6167979
330	24985	6167979	ποιήματα	ποίημα	anything made	6167985
330	24985	6167980	καὶ	καί	and	6167982
330	24985	6167981	οἱ	ὁ	the	6167982
330	24985	6167982	πατέρες	πατήρ	a father	6167976
330	24985	6167983	τοὺς	ὁ	the	6167984
330	24985	6167984	παῖδας	παῖς	a child	6167985
330	24985	6167985	ἀγαπῶσιν	ἀγαπάω	to treat with affection	6167973
330	24985	6167986	,	,	nodef	6167973
330	24985	6167987	ταύτῃ	ταύτῃ	in this way.	6167996
330	24985	6167988	τε	τε	and	6167996
330	24985	6167989	δὴ	δή	[interactional particle: S&H on same page]	6167996
330	24985	6167990	καὶ	καί	and	6167992
330	24985	6167991	οἱ	ὁ	the	6167992
330	24985	6167992	χρηματισάμενοι	χρηματίζω	to negotiate	6167996
330	24985	6167993	περὶ	περί	around	6167992
330	24985	6167994	τὰ	ὁ	the	6167995
330	24985	6167995	χρήματα	χρῆμα	thing	6167993
330	24985	6167996	σπουδάζουσιν	σπουδάζω	to make haste	0
330	24985	6167997	ὡς	ὡς	as	6167996
330	24985	6167998	ἔργον	ἔργον	work	6167997
330	24985	6167999	ἑαυτῶν	ἑαυτοῦ	himself	6167998
330	24985	6168000	,	,	nodef	6167973
330	24985	6168001	καὶ	καί	and	6167996
330	24985	6168002	κατὰ	κατά	down	6167996
330	24985	6168003	τὴν	ὁ	the	6168004
330	24985	6168004	χρείαν	χρεία	use	6168002
330	24985	6168005	ᾗπερ	ὅσπερ	the very man who	6167996
330	24985	6168006	οἱ	ὁ	the	6168007
330	24985	6168007	ἄλλοι	ἄλλος	other	6168004
330	24985	6168008	.	.	nodef	6167973
330	24986	6168009	χαλεποὶ	χαλεπός	hard to bear	6168013
330	24986	6168010	οὖν	οὖν	so	6168013
330	24986	6168011	καὶ	καί	and	6168012
330	24986	6168012	συγγενέσθαι	συγγίγνομαι	to be with	6168009
330	24986	6168013	εἰσίν	εἰμί	to be	0
330	24986	6168014	,	,	nodef	6168009
330	24986	6168015	οὐδὲν	οὐδείς	not one	6168017
330	24986	6168016	ἐθέλοντες	ἐθέλω	to will	6168013
330	24986	6168017	ἐπαινεῖν	ἐπαινέω	to approve	6168016
330	24986	6168018	ἀλλ’	ἀλλά	otherwise	6168021
330	24986	6168019	ἢ	ἤ	either..or; than	6168015
330	24986	6168020	τὸν	ὁ	the	6168021
330	24986	6168021	πλοῦτον	πλοῦτος	wealth	6168019
330	24986	6168022	.	.	nodef	6168009
330	24987	6168023	ἀληθῆ	ἀληθής	unconcealed	6168027
330	24987	6168024	,	,	nodef	6168023
330	24987	6168025	ἔφη	φημί	to say	0
330	24987	6168026	,	,	nodef	6168023
330	24987	6168027	λέγεις	λέγω	to pick; to say	6168025
330	24987	6168028	.	.	nodef	6168023
330	24988	6168029	πάνυ	πάνυ	altogether	6168033
330	24988	6168030	μὲν	μέν	on the one hand	6168033
330	24988	6168031	οὖν	οὖν	so	6168033
330	24988	6168032	,	,	nodef	6168029
330	24988	6168033	ἦν	εἰμί	to be	0
330	24988	6168034	δ’	δέ	but	6168033
330	24988	6168035	ἐγώ	ἐγώ	I (first person pronoun)	6168033
330	24988	6168036	.	.	nodef	6168029
330	24989	6168037	ἀλλά	ἀλλά	otherwise	6168041
330	24989	6168038	μοι	ἐγώ	I (first person pronoun)	6168041
330	24989	6168039	ἔτι	ἔτι	yet	6168041
330	24989	6168040	τοσόνδε	τοσόσδε	so strong	6168041
330	24989	6168041	εἰπέ	λέγω	to pick; to say	0
330	24989	6168042	·	·	nodef	6168037
330	24990	6168043	τί	τίς	who? which?	6168047
330	24990	6168044	μέγιστον	μέγας	big	6168043
330	24990	6168045	οἴει	οἴομαι	to suppose	0
330	24990	6168046	ἀγαθὸν	ἀγαθός	good	6168047
330	24990	6168047	ἀπολελαυκέναι	ἀπολαύω	to have enjoyment of	6168045
330	24990	6168048	τοῦ	ὁ	the	6168051
330	24990	6168049	πολλὴν	πολύς	much	6168050
330	24990	6168050	οὐσίαν	οὐσία	that which is one's own	6168051
330	24990	6168051	κεκτῆσθαι	κτάομαι	to procure for oneself	6168047
330	24990	6168052	;	;	nodef	6168043
330	24991	6168053	ὅ	ὅς	who	6168063
330	24991	6168054	,	,	nodef	6168053
330	24991	6168055	ἦ	εἰμί	to be	0
330	24991	6168056	δ’	δέ	but	6168055
330	24991	6168057	ὅς	ὅς	who	6168055
330	24991	6168058	,	,	nodef	6168053
330	24991	6168059	ἴσως	ἴσως	equally	6168063
330	24991	6168060	οὐκ	οὐ	not	6168063
330	24991	6168061	ἂν	ἄν	modal particle	6168063
330	24991	6168062	πολλοὺς	πολύς	much	6168063
330	24991	6168063	πείσαιμι	πείθω	to prevail upon	6168055
330	24991	6168064	λέγων	λέγω	to pick; to say	6168063
330	24991	6168065	.	.	nodef	6168053
330	24992	6168066	εὖ	εὖ	well	6168068
330	24992	6168067	γὰρ	γάρ	for	6168068
330	24992	6168068	ἴσθι	οἶδα	to know	6168070
330	24992	6168069	,	,	nodef	6168066
330	24992	6168070	ἔφη	φημί	to say	0
330	24992	6168071	,	,	nodef	6168066
330	24992	6168072	ὦ	ὦ	O! oh!	6168073
330	24992	6168073	Σώκρατες	Σωκράτης	Socrates	6168068
330	24992	6168074	,	,	nodef	6168066
330	24992	6168075	ὅτι	ὅτι	adv. + superl.	6168068
330	24992	6168076	,	,	nodef	6168066
330	24992	6168077	ἐπειδάν	ἐπειδάν	whenever.	6168085
330	24992	6168078	τις	τις	any one	6168080
330	24992	6168079	ἐγγὺς	ἐγγύς	near	6168080
330	24992	6168080	ᾖ	εἰμί	to be	6168077
330	24992	6168081	τοῦ	ὁ	the	6168082
330	24992	6168082	οἴεσθαι	οἴομαι	to suppose	6168079
330	24992	6168083	τελευτήσειν	τελευτάω	to complete	6168082
330	24992	6168084	,	,	nodef	6168066
330	24992	6168085	εἰσέρχεται	εἰσέρχομαι	to go in	6168075
330	24992	6168086	αὐτῷ	αὐτός	unemph. 3rd pers.pronoun; -self; [the] same 	6168085
330	24992	6168087	δέος	δέος	fear	6168085
330	24992	6168088	καὶ	καί	and	6168089
330	24992	6168089	φροντὶς	φροντίς	thought	6168087
330	24992	6168090	περὶ	περί	around	6168094
330	24992	6168091	ὧν	ὅς	who	6168090
330	24992	6168092	ἔμπροσθεν	ἔμπροσθεν	before	6168094
330	24992	6168093	οὐκ	οὐ	not	6168094
330	24992	6168094	εἰσῄει	εἰσέρχομαι	to go in	6168089
330	24992	6168095	.	.	nodef	6168066
330	24993	6168096	οἵ	ὁ	the	6168100
330	24993	6168097	τε	τε	and	6168120
330	24993	6168098	γὰρ	γάρ	for	6168120
330	24993	6168099	λεγόμενοι	λέγω	to pick; to say	6168120
330	24993	6168100	μῦθοι	μῦθος	anything	6168099
330	24993	6168101	περὶ	περί	around	6168099
330	24993	6168102	τῶν	ὁ	the	6168101
330	24993	6168103	ἐν	ἐν	in	6168102
330	24993	6168104	Ἅιδου	Ἅιδης	nodef	6168103
330	24993	6168105	,	,	nodef	6168096
330	24993	6168106	ὡς	ὡς	as	6168120
330	24993	6168107	τὸν	ὁ	the	6168109
330	24993	6168108	ἐνθάδε	ἐνθάδε	here	6168109
330	24993	6168109	ἀδικήσαντα	ἀδικέω	to do wrong	6168112
330	24993	6168110	δεῖ	δέω	to bind	6168106
330	24993	6168111	ἐκεῖ	ἐκεῖ	there	6168112
330	24993	6168112	διδόναι	δίδωμι	to give	6168110
330	24993	6168113	δίκην	δίκη	(custom	6168112
330	24993	6168114	,	,	nodef	6168096
330	24993	6168115	καταγελώμενοι	καταγελάω	to laugh at	6168120
330	24993	6168116	τέως	τέως	so long	6168115
330	24993	6168117	,	,	nodef	6168096
330	24993	6168118	τότε	τότε	at that time	6168120
330	24993	6168119	δὴ	δή	[interactional particle: S&H on same page]	6168120
330	24993	6168120	στρέφουσιν	στρέφω	to turn about	0
330	24993	6168121	αὐτοῦ	αὐτός	unemph. 3rd pers.pronoun; -self; [the] same 	6168123
330	24993	6168122	τὴν	ὁ	the	6168123
330	24993	6168123	ψυχὴν	ψυχή	breath	6168120
330	24993	6168124	μὴ	μή	not	6168120
330	24993	6168125	ἀληθεῖς	ἀληθής	unconcealed	6168126
330	24993	6168126	ὦσιν	εἰμί	to be	6168124
330	24993	6168127	·	·	nodef	6168096
330	24994	6168128	καὶ	καί	and	6168156
330	24994	6168129	αὐτός	αὐτός	unemph. 3rd pers.pronoun; -self; [the] same 	6168147
330	24994	6168130	—	—	nodef	6168128
330	24994	6168131	ἤτοι	ἤτοι	now surely	6168147
330	24994	6168132	ὑπὸ	ὑπό	from under	6168147
330	24994	6168133	τῆς	ὁ	the	6168136
330	24994	6168134	τοῦ	ὁ	the	6168135
330	24994	6168135	γήρως	γῆρας	old age	6168136
330	24994	6168136	ἀσθενείας	ἀσθένεια	want of strength	6168132
330	24994	6168137	ἢ	ἤ	either..or; than	6168139
330	24994	6168138	καὶ	καί	and	6168139
330	24994	6168139	ὥσπερ	ὥσπερ	just as if	0
330	24994	6168140	ἤδη	ἤδη	already	6168142
330	24994	6168141	ἐγγυτέρω	ἐγγύς	near	6168142
330	24994	6168142	ὢν	εἰμί	to be	6168147
330	24994	6168143	τῶν	ὁ	the	6168141
330	24994	6168144	ἐκεῖ	ἐκεῖ	there	6168143
330	24994	6168145	μᾶλλόν	μάλα	very	6168147
330	24994	6168146	τι	τις	any one	6168147
330	24994	6168147	καθορᾷ	καθοράω	(to look down); to observe	6168139
330	24994	6168148	αὐτά	αὐτός	unemph. 3rd pers.pronoun; -self; [the] same 	6168147
330	24994	6168149	—	—	nodef	6168128
330	24994	6168150	ὑποψίας	ὑποψία	suspicion	6168155
330	24994	6168151	δ’	δέ	but	6168156
330	24994	6168152	οὖν	οὖν	so	6168156
330	24994	6168153	καὶ	καί	and	6168154
330	24994	6168154	δείματος	δεῖμα	fear	6168150
330	24994	6168155	μεστὸς	μεστός	full	6168156
330	24994	6168156	γίγνεται	γίγνομαι	become	6168147
330	24994	6168157	καὶ	καί	and	6168158
330	24994	6168158	ἀναλογίζεται	ἀναλογίζομαι	to reckon up	6168156
330	24994	6168159	ἤδη	ἤδη	already	6168158
330	24994	6168160	καὶ	καί	and	6168161
330	24994	6168161	σκοπεῖ	σκοπέω	to look at	6168158
330	24994	6168162	εἴ	εἰ	conj. if	6168161
330	24994	6168163	τινά	τις	any one	6168165
330	24994	6168164	τι	τις	any one	6168165
330	24994	6168165	ἠδίκησεν	ἀδικέω	to do wrong	6168162
330	24994	6168166	.	.	nodef	6168128
331	24995	6168167	ὁ	ὁ	the	6168170
331	24995	6168168	μὲν	μέν	on the one hand	6168188
331	24995	6168169	οὖν	οὖν	so	6168188
331	24995	6168170	εὑρίσκων	εὑρίσκω	to find	6168188
331	24995	6168171	ἑαυτοῦ	ἑαυτοῦ	himself	6168170
331	24995	6168172	ἐν	ἐν	in	6168170
331	24995	6168173	τῷ	ὁ	the	6168174
331	24995	6168174	βίῳ	βίος	life	6168172
331	24995	6168175	πολλὰ	πολύς	much	6168176
331	24995	6168176	ἀδικήματα	ἀδίκημα	a wrong done	6168170
331	24995	6168177	καὶ	καί	and	6168187
331	24995	6168178	ἐκ	ἐκ	from out of	6168187
331	24995	6168179	τῶν	ὁ	the	6168180
331	24995	6168180	ὕπνων	ὕπνος	sleep	6168178
331	24995	6168181	,	,	nodef	6168167
331	24995	6168182	ὥσπερ	ὥσπερ	just as if	6168188
331	24995	6168183	οἱ	ὁ	the	6168184
331	24995	6168184	παῖδες	παῖς	a child	6168182
331	24995	6168185	,	,	nodef	6168167
331	24995	6168186	θαμὰ	θαμά	often	6168187
331	24995	6168187	ἐγειρόμενος	ἐγείρω	to awaken	6168188
331	24995	6168188	δειμαίνει	δειμαίνω	to be afraid	0
331	24995	6168189	καὶ	καί	and	6168190
331	24995	6168190	ζῇ	ζάω	to live	6168188
331	24995	6168191	μετὰ	μετά	(w gen) with	6168190
331	24995	6168192	κακῆς	κακός	bad	6168193
331	24995	6168193	ἐλπίδος	ἐλπίς	hope	6168191
331	24995	6168194	·	·	nodef	6168167
331	24996	6168195	τῷ	ὁ	the	6168200
331	24996	6168196	δὲ	δέ	but	6168204
331	24996	6168197	μηδὲν	μηδείς	(and not one); not one	6168200
331	24996	6168198	ἑαυτῷ	ἑαυτοῦ	himself	6168200
331	24996	6168199	ἄδικον	ἄδικος	wrong-doing	6168200
331	24996	6168200	συνειδότι	σύνοιδα	to share in knowledge	6168204
331	24996	6168201	ἡδεῖα	ἡδύς	sweet	6168202
331	24996	6168202	ἐλπὶς	ἐλπίς	hope	6168204
331	24996	6168203	ἀεὶ	ἀεί	always	6168204
331	24996	6168204	πάρεστι	πάρειμι	be present	0
331	24996	6168205	καὶ	καί	and	6168206
331	24996	6168206	ἀγαθὴ	ἀγαθός	good	6168201
331	24996	6168207	γηροτρόφος	γηροβοσκός	feeding	6168202
331	24996	6168208	,	,	nodef	6168195
331	24996	6168209	ὡς	ὡς	as	6168204
331	24996	6168210	καὶ	καί	and	6168211
331	24996	6168211	Πίνδαρος	Πίνδαρος	Pindar	6168212
331	24996	6168212	λέγει	λέγω	to pick; to say	6168209
331	24996	6168213	.	.	nodef	6168195
331	24997	6168214	χαριέντως	χαρίεις	graceful	6168223
331	24997	6168215	γάρ	γάρ	for	6168223
331	24997	6168216	τοι	τοι	let me tell you	6168223
331	24997	6168217	,	,	nodef	6168214
331	24997	6168218	ὦ	ὦ	O! oh!	6168219
331	24997	6168219	Σώκρατες	Σωκράτης	Socrates	6168223
331	24997	6168220	,	,	nodef	6168214
331	24997	6168221	τοῦτ’	οὗτος	this; that	6168223
331	24997	6168222	ἐκεῖνος	ἐκεῖνος	that over there	6168223
331	24997	6168223	εἶπεν	λέγω	to pick; to say	0
331	24997	6168224	,	,	nodef	6168214
331	24997	6168225	ὅτι	ὅτι	adv. + superl.	6168221
331	24997	6168226	ὃς	ὅς	who	6168233
331	24997	6168227	ἂν	ἄν	modal particle	6168233
331	24997	6168228	δικαίως	δίκαιος	just	6168233
331	24997	6168229	καὶ	καί	and	6168230
331	24997	6168230	ὁσίως	ὅσιος	hallowed	6168228
331	24997	6168231	τὸν	ὁ	the	6168232
331	24997	6168232	βίον	βίος	life	6168233
331	24997	6168233	διαγάγῃ	διάγω	to carry over	6168240
331	24997	6168234	,	,	nodef	6168214
331	24997	6168235	γλυκεῖά	γλυκύς	sweet	6168241
331	24997	6168236	οἱ	ἕ	nodef	6168241
331	24997	6168237	καρδίαν	καρδία	the heart	6168238
331	24997	6168238	ἀτάλλοισα	ἀτάλλοιδα	nodef	6168225
331	24997	6168239	γηροτρόφος	γηροβοσκός	feeding	6168241
331	24997	6168240	συναορεῖ	συναορέω	accompany	6168225
331	24997	6168241	ἐλπὶς	ἐλπίς	hope	6168240
331	24997	6168242	ἃ	ὅς	who	6168247
331	24997	6168243	μάλιστα	μάλα	very	6168247
331	24997	6168244	θνατῶν	θνητός	liable to death	6168245
331	24997	6168245	πολύστροφον	πολύστροφος	much-twisted	6168246
331	24997	6168246	γνώμαν	γνώμη	a means of knowing	6168247
331	24997	6168247	κυβερνᾷ	κυβερνάω	to act as pilot	6168241
331	24997	6168248	.	.	nodef	6168214
331	24998	6168249	εὖ	εὖ	well	6168251
331	24998	6168250	οὖν	οὖν	so	6168251
331	24998	6168251	λέγει	λέγω	to pick; to say	0
331	24998	6168252	θαυμαστῶς	θαυμαστός	wondrous	6168251
331	24998	6168253	ὡς	ὡς	as	6168251
331	24998	6168254	σφόδρα	σφόδρα	very	6168253
331	24998	6168255	.	.	nodef	6168249
331	24999	6168256	πρὸς	πρός	(w. gen.) from; (w. dat.) at	6168260
331	24999	6168257	δὴ	δή	[interactional particle: S&H on same page]	6168260
331	24999	6168258	τοῦτ’	οὗτος	this; that	6168256
331	24999	6168259	ἔγωγε	ἐγώ	I (first person pronoun)	6168260
331	24999	6168260	τίθημι	τίθημι	to set	0
331	24999	6168261	τὴν	ὁ	the	6168264
331	24999	6168262	τῶν	ὁ	the	6168263
331	24999	6168263	χρημάτων	χρῆμα	thing	6168264
331	24999	6168264	κτῆσιν	κτῆσις	acquisition	6168267
331	24999	6168265	πλείστου	πολύς	much	6168266
331	24999	6168266	ἀξίαν	ἄξιος	worthy	6168267
331	24999	6168267	εἶναι	εἰμί	to be	6168260
331	24999	6168268	,	,	nodef	6168256
331	24999	6168269	οὔ	οὔτε	neither / nor	6168272
331	24999	6168270	τι	τις	any one	6168267
331	24999	6168271	παντὶ	πᾶς	all	6168272
331	24999	6168272	ἀνδρὶ	ἀνήρ	a man	6168266
331	24999	6168273	ἀλλὰ	ἀλλά	otherwise	6168275
331	24999	6168274	τῷ	ὁ	the	6168275
331	24999	6168275	ἐπιεικεῖ	ἐπιεικής	fitting	6168272
331	24999	6168276	καὶ	καί	and	6168277
331	24999	6168277	κοσμίῳ	κόσμιος	well-ordered	6168275
331	24999	6168278	.	.	nodef	6168256
331	25000	6168279	τὸ	ὁ	the	6168284
331	25000	6168280	γὰρ	γάρ	for	6168311
331	25000	6168281	μηδὲ	μηδέ	but not	6168284
331	25000	6168282	ἄκοντά	ἀέκων	against one's will	6168283
331	25000	6168283	τινα	τις	any one	6168284
331	25000	6168284	ἐξαπατῆσαι	ἐξαπατάω	to deceive	6168311
331	25000	6168285	ἢ	ἤ	either..or; than	6168286
331	25000	6168286	ψεύσασθαι	ψεύδω	to cheat by lies	6168284
331	25000	6168287	,	,	nodef	6168279
331	25000	6168288	μηδ’	μηδέ	but not	6168290
331	25000	6168289	αὖ	αὖ	again	6168290
331	25000	6168290	ὀφείλοντα	ὀφείλω	to owe	6168284
331	25000	6168291	ἢ	ἤ	either..or; than	6168292
331	25000	6168292	θεῷ	θεός	god	6168290
331	25000	6168293	θυσίας	θυσία	burnt offering	6168290
331	25000	6168294	τινὰς	τις	any one	6168293
331	25000	6168295	ἢ	ἤ	either..or; than	6168300
331	25000	6168296	ἀνθρώπῳ	ἄνθρωπος	man	6168292
331	25000	6168297	χρήματα	χρῆμα	thing	6168300
331	25000	6168298	ἔπειτα	ἔπειτα	then	6168300
331	25000	6168299	ἐκεῖσε	ἐκεῖσε	thither	6168300
331	25000	6168300	ἀπιέναι	ἀπέρχομαι	to go away	6168284
331	25000	6168301	δεδιότα	δείδω	to fear	6168300
331	25000	6168302	,	,	nodef	6168279
331	25000	6168303	μέγα	μέγας	big	6168304
331	25000	6168304	μέρος	μέρος	a part	6168311
331	25000	6168305	εἰς	εἰς	into	6168311
331	25000	6168306	τοῦτο	οὗτος	this; that	6168305
331	25000	6168307	ἡ	ὁ	the	6168310
331	25000	6168308	τῶν	ὁ	the	6168309
331	25000	6168309	χρημάτων	χρῆμα	thing	6168310
331	25000	6168310	κτῆσις	κτῆσις	acquisition	6168311
331	25000	6168311	συμβάλλεται	συμβάλλω	to throw together	0
331	25000	6168312	.	.	nodef	6168279
331	25001	6168313	ἔχει	ἔχω	to have	0
331	25001	6168314	δὲ	δέ	but	6168313
331	25001	6168315	καὶ	καί	and	6168316
331	25001	6168316	ἄλλας	ἄλλος	other	6168317
331	25001	6168317	χρείας	χρεία	use	6168313
331	25001	6168318	πολλάς	πολύς	much	6168317
331	25001	6168319	·	·	nodef	6168313
331	25002	6168320	ἀλλὰ	ἀλλά	otherwise	6168328
331	25002	6168321	ἕν	εἷς	one	6168328
331	25002	6168322	γε	γε	at least	6168321
331	25002	6168323	ἀνθ’	ἀντί	over against	6168328
331	25002	6168324	ἑνὸς	εἷς	one	6168323
331	25002	6168325	οὐκ	οὐ	not	6168326
331	25002	6168326	ἐλάχιστον	ἐλαχύς	small	6168321
331	25002	6168327	ἔγωγε	ἐγώ	I (first person pronoun)	6168328
331	25002	6168328	θείην	τίθημι	to set	0
331	25002	6168329	ἂν	ἄν	modal particle	6168328
331	25002	6168330	εἰς	εἰς	into	6168334
331	25002	6168331	τοῦτο	οὗτος	this; that	6168330
331	25002	6168332	ἀνδρὶ	ἀνήρ	a man	6168341
331	25002	6168333	νοῦν	νόος	mind	6168334
331	25002	6168334	ἔχοντι	ἔχω	to have	6168332
331	25002	6168335	,	,	nodef	6168320
331	25002	6168336	ὦ	ὦ	O! oh!	6168337
331	25002	6168337	Σώκρατες	Σωκράτης	Socrates	6168328
331	25002	6168338	,	,	nodef	6168320
331	25002	6168339	πλοῦτον	πλοῦτος	wealth	6168341
331	25002	6168340	χρησιμώτατον	χρήσιμος	useful	6168339
331	25002	6168341	εἶναι	εἰμί	to be	6168328
331	25002	6168342	.	.	nodef	6168320
331	25003	6168343	παγκάλως	πάγκαλος	all beautiful	6168349
331	25003	6168344	,	,	nodef	6168343
331	25003	6168345	ἦν	εἰμί	to be	6168349
331	25003	6168346	δ’	δέ	but	6168345
331	25003	6168347	ἐγώ	ἐγώ	I (first person pronoun)	6168345
331	25003	6168348	,	,	nodef	6168343
331	25003	6168349	λέγεις	λέγω	to pick; to say	0
331	25003	6168350	,	,	nodef	6168343
331	25003	6168351	ὦ	ὦ	O! oh!	6168352
331	25003	6168352	Κέφαλε	Κέφαλος	Cephalus	6168349
331	25003	6168353	.	.	nodef	6168343
331	25004	6168354	τοῦτο	οὗτος	this; that	6168366
331	25004	6168355	δ’	δέ	but	6168365
331	25004	6168356	αὐτό	αὐτός	unemph. 3rd pers.pronoun; -self; [the] same 	6168354
331	25004	6168357	,	,	nodef	6168354
331	25004	6168358	τὴν	ὁ	the	6168359
331	25004	6168359	δικαιοσύνην	δικαιοσύνη	righteousness	6168354
331	25004	6168360	,	,	nodef	6168354
331	25004	6168361	πότερα	πότερον	whether	6168366
331	25004	6168362	τὴν	ὁ	the	6168363
331	25004	6168363	ἀλήθειαν	ἀλήθεια	truth	6168366
331	25004	6168364	αὐτὸ	αὐτός	unemph. 3rd pers.pronoun; -self; [the] same 	6168363
331	25004	6168365	φήσομεν	φημί	to say	0
331	25004	6168366	εἶναι	εἰμί	to be	6168365
331	25004	6168367	ἁπλῶς	ἁπλόος	single	6168366
331	25004	6168368	οὕτως	οὕτως	so	6168366
331	25004	6168369	καὶ	καί	and	6168371
331	25004	6168370	τὸ	ὁ	the	6168371
331	25004	6168371	ἀποδιδόναι	ἀποδίδωμι	to give back	6168366
331	25004	6168372	ἄν	ἐάν	if	6168371
331	25004	6168373	τίς	τις	any one	6168377
331	25004	6168374	τι	τις	any one	6168377
331	25004	6168375	παρά	παρά	from the side of	6168377
331	25004	6168376	του	τις	any one	6168375
331	25004	6168377	λάβῃ	λαμβάνω	to take	6168372
331	25004	6168378	,	,	nodef	6168354
331	25004	6168379	ἢ	ἤ	either..or; than	6168383
331	25004	6168380	καὶ	καί	and	6168382
331	25004	6168381	αὐτὰ	αὐτός	unemph. 3rd pers.pronoun; -self; [the] same 	6168382
331	25004	6168382	ταῦτα	οὗτος	this; that	6168383
331	25004	6168383	ἔστιν	εἰμί	to be	6168365
331	25004	6168384	ἐνίοτε	ἐνίοτε	sometimes	6168386
331	25004	6168385	μὲν	μέν	on the one hand	6168386
331	25004	6168386	δικαίως	δίκαιος	just	6168391
331	25004	6168387	,	,	nodef	6168354
331	25004	6168388	ἐνίοτε	ἐνίοτε	sometimes	6168390
331	25004	6168389	δὲ	δέ	but	6168390
331	25004	6168390	ἀδίκως	ἄδικος	wrong-doing	6168386
331	25004	6168391	ποιεῖν	ποιέω	to make	6168383
331	25004	6168392	;	;	nodef	6168354
331	25005	6168393	οἷον	οἷος	(such a kind) as; for οἷός τε see οἷος III.2	6168394
331	25005	6168394	τοιόνδε	τοιόσδε	such a	6168395
331	25005	6168395	λέγω	λέγω	to pick; to say	0
331	25005	6168396	·	·	nodef	6168393
331	25006	6168397	πᾶς	πᾶς	all	6168400
331	25006	6168398	ἄν	ἄν	modal particle	6168400
331	25006	6168399	που	που	anywhere	6168400
331	25006	6168400	εἴποι	λέγω	to pick; to say	0
331	25006	6168401	,	,	nodef	6168397
331	25006	6168402	εἴ	εἰ	conj. if	6168400
331	25006	6168403	τις	τις	any one	6168404
331	25006	6168404	λάβοι	λαμβάνω	to take	6168402
331	25006	6168405	παρὰ	παρά	from the side of	6168404
331	25006	6168406	φίλου	φίλος	friend; loved	6168407
331	25006	6168407	ἀνδρὸς	ἀνήρ	a man	6168405
331	25006	6168408	σωφρονοῦντος	σωφρονέω	to be sound of mind	6168407
331	25006	6168409	ὅπλα	ὅπλον	a tool	6168408
331	25006	6168410	,	,	nodef	6168397
331	25006	6168411	εἰ	εἰ	conj. if	6168400
331	25006	6168412	μανεὶς	μαίνομαι	to rage	6168413
331	25006	6168413	ἀπαιτοῖ	ἀπαιτέω	to demand back	6168411
331	25006	6168414	,	,	nodef	6168397
331	25006	6168415	ὅτι	ὅτι	adv. + superl.	6168413
331	25006	6168416	οὔτε	οὔτε	neither / nor	6168417
331	25006	6168417	χρὴ	χρή	it is fated	6168415
331	25006	6168418	τὰ	ὁ	the	6168419
331	25006	6168419	τοιαῦτα	τοιοῦτος	such as this	6168420
331	25006	6168420	ἀποδιδόναι	ἀποδίδωμι	to give back	6168417
331	25006	6168421	,	,	nodef	6168397
331	25006	6168422	οὔτε	οὔτε	neither / nor	6168425
331	25006	6168423	δίκαιος	δίκαιος	just	6168425
331	25006	6168424	ἂν	ἄν	modal particle	6168425
331	25006	6168425	εἴη	εἰμί	to be	6168417
331	25006	6168426	ὁ	ὁ	the	6168427
331	25006	6168427	ἀποδιδούς	ἀποδίδωμι	to give back	6168425
331	25006	6168428	,	,	nodef	6168397
331	25006	6168429	οὐδ’	οὐδέ	and/but not; not even	6168436
331	25006	6168430	αὖ	αὖ	again	6168436
331	25006	6168431	πρὸς	πρός	(w. gen.) from; (w. dat.) at	6168436
331	25006	6168432	τὸν	ὁ	the	6168434
331	25006	6168433	οὕτως	οὕτως	so	6168434
331	25006	6168434	ἔχοντα	ἔχω	to have	6168431
331	25006	6168435	πάντα	πᾶς	all	6168434
331	25006	6168436	ἐθέλων	ἐθέλω	to will	6168427
331	25006	6168437	τ-	ὁ	the	6168438
331	25006	6168438	ἀληθῆ	ἀληθής	unconcealed	6168439
331	25006	6168439	λέγειν	λέγω	to pick; to say	6168436
331	25006	6168440	.	.	nodef	6168397
331	25007	6168441	ὀρθῶς	ὀρθός	straight	6168445
331	25007	6168442	,	,	nodef	6168441
331	25007	6168443	ἔφη	φημί	to say	0
331	25007	6168444	,	,	nodef	6168441
331	25007	6168445	λέγεις	λέγω	to pick; to say	6168443
331	25007	6168446	.	.	nodef	6168441
331	25008	6168447	οὐκ	οὐ	not	6168451
331	25008	6168448	ἄρα	ἄρα	particle: 'so'	6168451
331	25008	6168449	οὗτος	οὗτος	this; that	6168451
331	25008	6168450	ὅρος	ὅρος	a boundary	6168451
331	25008	6168451	ἐστὶν	εἰμί	to be	0
331	25008	6168452	δικαιοσύνης	δικαιοσύνη	righteousness	6168450
331	25008	6168453	,	,	nodef	6168447
331	25008	6168454	ἀληθῆ	ἀληθής	unconcealed	6168456
331	25008	6168455	τε	τε	and	6168456
331	25008	6168456	λέγειν	λέγω	to pick; to say	6168450
331	25008	6168457	καὶ	καί	and	6168460
331	25008	6168458	ἃ	ὅς	who	6168462
331	25008	6168459	ἂν	ἄν	modal particle	6168460
331	25008	6168460	λάβῃ	λαμβάνω	to take	6168454
331	25008	6168461	τις	τις	any one	6168460
331	25008	6168462	ἀποδιδόναι	ἀποδίδωμι	to give back	6168460
331	25008	6168463	.	.	nodef	6168447
331	25009	6168464	πάνυ	πάνυ	altogether	6168473
331	25009	6168465	μὲν	μέν	on the one hand	6168468
331	25009	6168466	οὖν	οὖν	so	6168468
331	25009	6168467	,	,	nodef	6168464
331	25009	6168468	ἔφη	φημί	to say	0
331	25009	6168469	,	,	nodef	6168464
331	25009	6168470	ὦ	ὦ	O! oh!	6168471
331	25009	6168471	Σώκρατες	Σωκράτης	Socrates	6168468
331	25009	6168472	,	,	nodef	6168464
331	25009	6168473	ὑπολαβὼν	ὑπολαμβάνω	take up; understand	6168468
331	25009	6168474	ὁ	ὁ	the	6168475
331	25009	6168475	Πολέμαρχος	Πολέμαρχος	Polemarchus	6168468
331	25009	6168476	,	,	nodef	6168464
331	25009	6168477	εἴπερ	εἴπερ	strengthd. for εἰ	6168473
331	25009	6168478	γέ	γε	at least	6168480
331	25009	6168479	τι	τις	any one	6168482
331	25009	6168480	χρὴ	χρή	it is fated	6168477
331	25009	6168481	Σιμωνίδῃ	Σιμωνίδης	Simonides	6168482
331	25009	6168482	πείθεσθαι	πείθω	to prevail upon	6168480
331	25009	6168483	.	.	nodef	6168464
331	25010	6168484	καὶ	καί	and	6168492
331	25010	6168485	μέντοι	μέντοι	however	6168492
331	25010	6168486	,	,	nodef	6168484
331	25010	6168487	ἔφη	φημί	to say	0
331	25010	6168488	ὁ	ὁ	the	6168489
331	25010	6168489	Κέφαλος	Κέφαλος	Cephalus	6168487
331	25010	6168490	,	,	nodef	6168484
331	25010	6168491	καὶ	καί	and	6168492
331	25010	6168492	παραδίδωμι	παραδίδωμι	to hand over	6168487
331	25010	6168493	ὑμῖν	σύ	you (personal pronoun)	6168492
331	25010	6168494	τὸν	ὁ	the	6168495
331	25010	6168495	λόγον	λόγος	the word	6168492
331	25010	6168496	·	·	nodef	6168484
331	25011	6168497	δεῖ	δέω	to bind	0
331	25011	6168498	γάρ	γάρ	for	6168497
331	25011	6168499	με	ἐγώ	I (first person pronoun)	6168503
331	25011	6168500	ἤδη	ἤδη	already	6168503
331	25011	6168501	τῶν	ὁ	the	6168502
331	25011	6168502	ἱερῶν	ἱερός	super-human	6168503
331	25011	6168503	ἐπιμεληθῆναι	ἐπιμελέομαι	to take care of	6168497
331	25011	6168504	.	.	nodef	6168497
331	25012	6168505	οὐκοῦν	οὐκοῦν	therefore	6168507
331	25012	6168506	,	,	nodef	6168505
331	25012	6168507	ἔφη	φημί	to say	0
331	25012	6168508	,	,	nodef	6168505
331	25012	6168509	ἐγώ	ἐγώ	I (first person pronoun)	6168507
331	25012	6168510	,	,	nodef	6168505
331	25012	6168511	ὁ	ὁ	the	6168512
331	25012	6168512	Πολέμαρχος	Πολέμαρχος	Polemarchus	6168507
331	25012	6168513	,	,	nodef	6168505
331	25012	6168514	τῶν	ὁ	the	6168516
331	25012	6168515	γε	γε	at least	6168516
331	25012	6168516	σῶν	σός	your	6168517
331	25012	6168517	κληρονόμος	κληρονόμος	one who receives a portion	6168507
331	25012	6168518	;	;	nodef	6168505
331	25013	6168519	πάνυ	πάνυ	altogether	6168522
331	25013	6168520	γε	γε	at least	6168519
331	25013	6168521	,	,	nodef	6168519
331	25013	6168522	ἦ	εἰμί	to be	0
331	25013	6168523	δ’	δέ	but	6168522
331	25013	6168524	ὃς	ὅς	who	6168522
331	25013	6168525	γελάσας	γελάω	to laugh	6168529
331	25013	6168526	,	,	nodef	6168519
331	25013	6168527	καὶ	καί	and	6168529
331	25013	6168528	ἅμα	ἅμα	at once	6168529
331	25013	6168529	ᾔει	ἔρχομαι	to come	6168522
331	25013	6168530	πρὸς	πρός	(w. gen.) from; (w. dat.) at	6168529
331	25013	6168531	τὰ	ὁ	the	6168532
331	25013	6168532	ἱερά	ἱερόν	sanctuary	6168530
331	25013	6168533	.	.	nodef	6168519
331	25014	6168534	λέγε	λέγω	to pick; to say	0
331	25014	6168535	δή	δή	[interactional particle: S&H on same page]	6168534
331	25014	6168536	,	,	nodef	6168534
331	25014	6168537	εἶπον	λέγω	to pick; to say	6168534
331	25014	6168538	ἐγώ	ἐγώ	I (first person pronoun)	6168537
331	25014	6168539	,	,	nodef	6168534
331	25014	6168540	σὺ	σύ	you (personal pronoun)	6168534
331	25014	6168541	ὁ	ὁ	the	6168544
331	25014	6168542	τοῦ	ὁ	the	6168543
331	25014	6168543	λόγου	λόγος	the word	6168544
331	25014	6168544	κληρονόμος	κληρονόμος	one who receives a portion	6168540
331	25014	6168545	,	,	nodef	6168534
331	25014	6168546	τί	τίς	who? which?	6168547
331	25014	6168547	φῂς	φημί	to say	6168534
331	25014	6168548	τὸν	ὁ	the	6168549
331	25014	6168549	Σιμωνίδην	Σιμωνίδης	Simonides	6168552
331	25014	6168550	λέγοντα	λέγω	to pick; to say	6168552
331	25014	6168551	ὀρθῶς	ὀρθός	straight	6168552
331	25014	6168552	λέγειν	λέγω	to pick; to say	6168547
331	25014	6168553	περὶ	περί	around	6168552
331	25014	6168554	δικαιοσύνης	δικαιοσύνη	righteousness	6168553
331	25014	6168555	;	;	nodef	6168534
331	25015	6168556	ὅτι	ὅτι	adv. + superl.	6168558
331	25015	6168557	,	,	nodef	6168556
331	25015	6168558	ἦ	εἰμί	to be	0
331	25015	6168559	δ’	δέ	but	6168558
331	25015	6168560	ὅς	ὅς	who	6168558
331	25015	6168561	,	,	nodef	6168556
331	25015	6168562	τὸ	ὁ	the	6168566
331	25015	6168563	τὰ	ὁ	the	6168564
331	25015	6168564	ὀφειλόμενα	ὀφείλω	to owe	6168566
331	25015	6168565	ἑκάστῳ	ἕκαστος	every	6168566
331	25015	6168566	ἀποδιδόναι	ἀποδίδωμι	to give back	6168568
331	25015	6168567	δίκαιόν	δίκαιος	just	6168568
331	25015	6168568	ἐστι	εἰμί	to be	6168558
331	25015	6168569	·	·	nodef	6168556
331	25016	6168570	τοῦτο	οὗτος	this; that	6168571
331	25016	6168571	λέγων	λέγω	to pick; to say	6168572
331	25016	6168572	δοκεῖ	δοκέω	seem	0
331	25016	6168573	ἔμοιγε	ἐγώ	I (first person pronoun)	6168572
331	25016	6168574	καλῶς	καλός	beautiful	6168575
331	25016	6168575	λέγειν	λέγω	to pick; to say	6168572
331	25016	6168576	.	.	nodef	6168570
